player_id,name,club,position,price,status,xmins,xpts_gw1,xpts_gw2,xpts_gw3,xpts_gw4,xpts_gw5,xpts_gw6,xpts_gw7,xpts_gw8
2498,Patrik Wålemark,Lech Poznań,MID,2.3,ok,85.0,9.2,7.6,9.0,7.3,8.9,6.4,8.9,6.5
2733,Luis Palma,Lech Poznań,MID,3.5,ok,85.0,7.8,6.5,7.6,6.2,7.5,5.5,7.5,5.6
1475,Mikael Ishak,Lech Poznań,FWD,4.0,ok,85.0,7.7,6.5,7.5,6.3,7.5,5.5,7.5,5.6
2389,Lamine Diaby-Fadiga,Raków Częstochowa,MID,2.1,ok,45.0,7.7,5.7,8.1,4.7,7.8,7.2,3.8,8.0
2933,Oliwier Kwiatkowski,Raków Częstochowa,MID,1.6,ok,20.0,7.4,5.4,7.8,4.5,7.5,6.9,3.7,7.7
2941,Élie Youan,Wisła Kraków,MID,1.9,ok,20.0,7.6,4.5,7.9,4.4,4.8,7.9,4.5,7.4
2917,Allahyar Sayyadmanesh,Lech Poznań,MID,2.2,ok,20.0,6.7,5.7,6.6,5.5,6.5,4.8,6.5,4.9
2934,Ádin Molnár,Raków Częstochowa,MID,2.1,ok,20.0,6.8,5.0,7.1,4.2,6.9,6.4,3.5,7.0
1794,Kamil Grosicki,Pogoń Szczecin,MID,2.5,ok,20.0,6.0,4.3,6.8,4.1,6.9,4.7,6.5,6.5
2717,Pablo Rodríguez,Lech Poznań,MID,2.0,ok,85.0,6.5,5.5,6.3,5.3,6.3,4.7,6.3,4.8
2698,Leo Bengtsson,Lech Poznań,MID,2.4,ok,45.0,6.5,5.5,6.3,5.3,6.3,4.7,6.3,4.7
2476,Jonatan Braut Brunes,Raków Częstochowa,FWD,3.1,ok,85.0,6.4,4.9,6.7,4.1,6.5,6.0,3.4,6.6
2430,Jean-Pierre Nsame,Pogoń Szczecin,FWD,2.1,ok,45.0,5.8,4.2,6.6,4.0,6.6,4.6,6.3,6.2
791,Dawid Błanik,Korona Kielce,MID,2.2,ok,85.0,4.1,6.5,6.0,4.2,6.7,4.8,6.8,5.1
765,Jesús Imaz,Jagiellonia Białystok,MID,3.5,ok,85.0,6.6,4.9,6.5,6.7,3.6,4.0,7.1,4.6
1712,Joel Pereira,Lech Poznań,DEF,2.1,ok,85.0,6.7,5.1,6.4,4.8,6.4,3.9,6.4,4.1
2931,Jakub Jendryka,Raków Częstochowa,DEF,1.8,ok,20.0,6.7,4.3,7.2,3.2,6.9,6.1,2.3,7.1
1835,Wahan Biczachczjan,Legia Warszawa,MID,1.8,ok,45.0,4.4,6.7,4.2,6.7,4.2,6.6,4.5,6.1
2942,Michal Ševčík,Legia Warszawa,MID,2.0,ok,20.0,4.3,6.7,4.2,6.6,4.1,6.5,4.4,6.0
2708,Mileta Rajović,Legia Warszawa,FWD,1.9,ok,85.0,4.4,6.5,4.2,6.5,4.2,6.4,4.5,6.0
1507,Łukasz Zjawiński,Legia Warszawa,FWD,2.1,ok,20.0,4.4,6.5,4.2,6.5,4.2,6.4,4.5,6.0
2881,Ángel Rodado,Wisła Kraków,FWD,2.2,ok,45.0,6.5,4.0,6.8,3.9,4.2,6.7,4.0,6.3
2906,Stefan Feiertag,Wieczysta Kraków,FWD,1.9,ok,85.0,5.5,5.2,4.9,4.8,4.7,4.9,7.2,5.1
2502,Andréas Katsantónis,Piast Gliwice,FWD,1.6,ok,45.0,4.7,6.5,3.5,6.2,5.8,4.7,6.0,4.8
95,Karol Świderski,Widzew Łódź,FWD,2.6,ok,20.0,6.6,4.8,4.1,6.1,5.0,5.1,6.6,3.8
2742,Kahveh Zahiroleslam,Cracovia,FWD,1.7,ok,85.0,3.3,6.0,4.8,5.7,6.1,4.6,6.2,4.6
1299,Jean Carlos Silva,Raków Częstochowa,DEF,2.2,ok,85.0,6.3,4.0,6.8,3.0,6.4,5.7,2.1,6.7
1719,Michael Ameyaw,Raków Częstochowa,MID,2.1,ok,85.0,5.8,4.4,6.1,3.8,5.9,5.5,3.2,6.0
2451,Bryan Fiabema,Lech Poznań,FWD,1.8,ok,20.0,5.7,5.0,5.6,4.8,5.5,4.3,5.5,4.3
2878,Frederico Duarte,Wisła Kraków,MID,2.0,ok,85.0,6.2,3.8,6.5,3.8,4.1,6.4,3.9,6.0
2759,Eman Markovic,GKS Katowice,MID,2.2,ok,85.0,4.2,6.4,6.0,4.5,6.0,4.1,4.2,4.4
392,Filip Jagiełło,Lech Poznań,MID,1.8,ok,45.0,5.5,4.8,5.4,4.6,5.4,4.1,5.4,4.1
2772,Sergio Lozano,Jagiellonia Białystok,MID,1.9,ok,85.0,5.8,4.4,5.6,5.9,3.3,3.6,6.2,4.1
2702,Stjepan Davidović,Korona Kielce,MID,1.7,ok,45.0,3.7,5.7,5.2,3.8,5.8,4.3,5.9,4.5
480,Bartosz Nowak,GKS Katowice,MID,3.3,ok,85.0,4.1,6.2,5.8,4.4,5.9,4.0,4.1,4.3
2000,Lisandro Semedo,Wieczysta Kraków,MID,1.8,ok,85.0,5.0,4.7,4.5,4.4,4.3,4.5,6.5,4.7
2880,Marko Bozic,Wisła Kraków,MID,1.8,ok,85.0,5.8,3.7,6.1,3.6,3.9,6.0,3.7,5.7
2677,Musa Juwara,Pogoń Szczecin,MID,1.8,ok,45.0,5.0,3.7,5.6,3.6,5.7,4.0,5.4,5.3
1403,Damian Warchoł,Śląsk Wrocław,MID,1.7,ok,45.0,4.0,5.5,5.7,4.4,5.6,3.5,3.8,5.7
138,Robert Gumny,Lech Poznań,DEF,1.8,ok,45.0,5.8,4.5,5.6,4.2,5.5,3.4,5.5,3.5
2467,Mateusz Szczepaniak,Legia Warszawa,MID,0.7,ok,20.0,3.9,5.8,3.8,5.8,3.7,5.7,4.0,5.3
2206,Adrián Dalmau,Piast Gliwice,FWD,1.7,ok,20.0,4.2,5.8,3.3,5.5,5.2,4.3,5.3,4.4
2507,Jesus Diaz,Raków Częstochowa,MID,1.7,ok,45.0,5.4,4.1,5.7,3.6,5.5,5.1,3.0,5.6
2737,Marko Bulat,Raków Częstochowa,MID,2.0,ok,85.0,5.4,4.1,5.7,3.6,5.5,5.1,3.0,5.6
2846,Filip Čuić,Pogoń Szczecin,FWD,1.9,ok,85.0,4.9,3.7,5.5,3.6,5.6,4.0,5.3,5.3
2481,Ajdin Hasić,Cracovia,MID,2.2,ok,85.0,3.1,5.5,4.4,5.2,5.5,4.2,5.7,4.2
2480,Daniel Håkans,Lech Poznań,MID,1.8,ok,20.0,5.2,4.5,5.1,4.4,5.1,3.9,5.1,4.0
2879,Maciej Kuziemka,Wisła Kraków,MID,1.7,ok,45.0,5.5,3.5,5.8,3.5,3.7,5.7,3.6,5.4
1319,Paweł Wszołek,Legia Warszawa,DEF,2.0,ok,85.0,3.2,6.3,3.0,6.3,2.9,6.2,3.3,5.4
1880,Ilja Szkurin,GKS Katowice,FWD,2.1,ok,45.0,3.9,5.7,5.4,4.1,5.4,3.8,3.9,4.1
2747,Hugo Vallejo,Piast Gliwice,MID,1.8,ok,85.0,4.0,5.6,3.1,5.3,4.9,4.1,5.1,4.2
2679,Paul Mukairu,Pogoń Szczecin,MID,2.1,ok,85.0,4.7,3.5,5.3,3.4,5.4,3.8,5.1,5.1
2686,Samuel Akere,Widzew Łódź,MID,1.9,ok,20.0,5.6,4.1,3.6,5.2,4.3,4.4,5.6,3.4
2729,Dijon Kameri,Cracovia,MID,1.7,ok,45.0,3.0,5.2,4.2,5.0,5.3,4.0,5.4,4.0
2731,Aziel Jackson,Jagiellonia Białystok,MID,1.9,ok,20.0,5.3,4.1,5.2,5.4,3.1,3.4,5.7,3.9
1010,Jorge Félix Garcia,Piast Gliwice,MID,1.9,ok,85.0,4.0,5.6,3.1,5.2,4.9,4.0,5.1,4.2
774,Sebastian Bergier,Widzew Łódź,FWD,2.4,ok,85.0,5.5,4.1,3.6,5.1,4.3,4.3,5.5,3.4
1987,Jordi Sánchez,Wisła Kraków,FWD,1.8,ok,85.0,5.4,3.5,5.6,3.4,3.7,5.5,3.5,5.2
2675,Quentin Boisgard,Piast Gliwice,MID,1.7,ok,85.0,4.0,5.5,3.1,5.2,4.8,4.0,5.0,4.1
1928,Stratos Svarnas,Raków Częstochowa,DEF,2.1,ok,85.0,5.5,3.5,5.9,2.6,5.6,5.0,1.8,5.8
2436,Adriano Amorim,Raków Częstochowa,MID,1.8,ok,45.0,5.0,3.9,5.3,3.4,5.1,4.7,2.9,5.2
2423,Mbaye N'Diaye,Motor Lublin,MID,2.4,ok,85.0,3.5,5.2,3.9,5.4,3.7,5.3,5.2,3.2
2527,Gisli Thordarson,Lech Poznań,MID,1.8,ok,20.0,5.0,4.3,4.8,4.2,4.8,3.7,4.8,3.8
923,Rafał Augustyniak,Legia Warszawa,DEF,1.8,ok,85.0,3.1,6.1,2.9,6.1,2.8,5.9,3.2,5.2
1521,Bartosz Kapustka,Legia Warszawa,MID,1.9,ok,85.0,3.6,5.4,3.5,5.3,3.5,5.3,3.7,4.9
303,Mariusz Stępiński,Korona Kielce,FWD,2.2,ok,85.0,3.4,5.1,4.7,3.5,5.2,4.0,5.2,4.1
1926,Roberto Alves,Radomiak Radom,MID,1.8,ok,85.0,5.0,3.4,5.2,3.0,5.4,4.9,3.3,4.8
2225,Fran Álvarez,Widzew Łódź,MID,2.0,ok,85.0,5.4,4.0,3.5,5.0,4.2,4.2,5.4,3.3
1698,Karol Knap,Cracovia,MID,1.7,ok,85.0,2.9,5.0,4.1,4.8,5.1,3.9,5.2,3.9
2783,Andi Zeqiri,Widzew Łódź,FWD,1.8,ok,45.0,5.3,4.0,3.5,4.9,4.2,4.2,5.3,3.3
2582,Martin Minczew,Cracovia,MID,1.7,ok,45.0,2.9,5.0,4.0,4.8,5.0,3.9,5.2,3.9
1092,Piotr Samiec-Talar,Śląsk Wrocław,MID,2.0,ok,85.0,3.7,5.0,5.1,4.0,5.0,3.3,3.5,5.1
2670,Petar Stojanović,Legia Warszawa,DEF,1.7,ok,20.0,3.0,6.0,2.8,6.0,2.8,5.8,3.1,5.1
2208,Martin Remacle,Korona Kielce,MID,1.8,ok,85.0,3.3,5.0,4.6,3.4,5.2,3.9,5.2,4.0
587,Patryk Dziczek,Pogoń Szczecin,MID,1.9,ok,45.0,4.5,3.4,5.0,3.3,5.1,3.7,4.8,4.8
1812,Jason Lokilo,Piast Gliwice,MID,1.7,ok,85.0,3.8,5.3,3.0,5.0,4.7,3.9,4.8,4.0
1252,Marcel Wędrychowski,GKS Katowice,MID,1.7,ok,20.0,3.7,5.4,5.1,3.9,5.1,3.6,3.6,3.9
2671,Karol Czubak,Motor Lublin,FWD,3.0,ok,85.0,3.5,5.0,3.8,5.2,3.6,5.1,5.0,3.1
2817,Emil Kornvig,Widzew Łódź,MID,2.1,ok,85.0,5.3,4.0,3.4,4.9,4.1,4.1,5.3,3.2
2123,Michał Gurgul,Lech Poznań,DEF,2.3,ok,85.0,5.2,4.0,5.0,3.7,5.0,3.1,5.0,3.1
2775,Fábio Ronaldo,Motor Lublin,MID,2.0,ok,85.0,3.4,5.0,3.7,5.2,3.6,5.1,5.0,3.1
2673,Kacper Karasek,Radomiak Radom,MID,1.7,ok,45.0,4.9,3.4,5.0,3.0,5.2,4.8,3.2,4.6
1673,Przemysław Banaszak,Śląsk Wrocław,FWD,2.0,ok,85.0,3.6,4.8,5.0,3.9,4.9,3.2,3.5,5.0
2912,Erik Prekop,Górnik Zabrze,FWD,2.0,ok,85.0,5.3,3.5,3.8,5.4,3.1,5.0,3.4,4.3
860,Wiktor Długosz,Korona Kielce,MID,1.8,ok,45.0,3.3,4.9,4.5,3.3,5.0,3.8,5.0,3.9
2346,Jakub Żewłakow,Legia Warszawa,MID,1.5,ok,20.0,3.5,5.1,3.4,5.1,3.4,5.0,3.6,4.6
1168,Patryk Makuch,Raków Częstochowa,FWD,1.9,ok,85.0,4.7,3.8,4.9,3.3,4.8,4.5,2.8,4.9
2877,Julius Ertlthaler,Wisła Kraków,MID,1.8,ok,85.0,5.0,3.3,5.2,3.3,3.5,5.2,3.3,4.9
1360,Kacper Chodyna,Legia Warszawa,MID,1.8,ok,85.0,3.5,5.1,3.4,5.0,3.4,5.0,3.6,4.6
1770,Tomasz Pieńko,Raków Częstochowa,MID,2.0,ok,85.0,4.7,3.7,5.0,3.2,4.8,4.5,2.8,4.9
1697,Otar Kakabadze,Cracovia,DEF,1.8,ok,45.0,1.9,5.3,3.6,5.0,5.4,3.4,5.6,3.4
2552,Konstantínos Sotiríou,Korona Kielce,DEF,1.9,ok,85.0,2.5,5.4,4.7,2.7,5.6,3.4,5.7,3.6
2724,Roberto Massimo,Górnik Zabrze,MID,1.7,ok,20.0,5.4,3.4,3.7,5.5,3.0,5.0,3.3,4.2
2384,Borja Galán,GKS Katowice,DEF,1.9,ok,85.0,3.1,6.1,5.5,3.5,5.6,3.0,3.1,3.4
2573,Oliwier Olewiński,Legia Warszawa,MID,1.2,ok,20.0,3.5,5.0,3.4,5.0,3.3,4.9,3.5,4.6
1334,Conrado Buchanelli Holz,Radomiak Radom,DEF,1.7,ok,20.0,5.2,2.6,5.4,2.0,5.8,5.0,2.4,4.8
2461,Taofeek Ismaheel,Górnik Zabrze,MID,2.0,ok,20.0,5.3,3.4,3.7,5.4,3.0,4.9,3.3,4.1
2424,Bartosz Wolski,GKS Katowice,MID,2.4,ok,20.0,3.6,5.1,4.9,3.8,4.9,3.5,3.5,3.7
1464,Kajetan Szmyt,Jagiellonia Białystok,MID,2.1,ok,85.0,4.8,3.7,4.7,4.9,3.0,3.2,5.1,3.6
2280,Fredrik Ulvestad,Pogoń Szczecin,MID,2.1,ok,85.0,4.3,3.3,4.8,3.2,4.8,3.5,4.6,4.5
2406,Maksym Chłań,Górnik Zabrze,MID,2.5,ok,85.0,5.2,3.4,3.7,5.3,3.0,4.9,3.3,4.1
979,Oskar Repka,Raków Częstochowa,MID,2.0,ok,85.0,4.6,3.6,4.8,3.2,4.7,4.4,2.8,4.8
1632,Antoni Kozubal,Lech Poznań,MID,2.0,ok,85.0,4.6,4.0,4.5,3.9,4.4,3.5,4.4,3.5
1169,Mateusz Skrzypczak,Lech Poznań,DEF,1.8,ok,45.0,5.0,3.9,4.8,3.6,4.8,2.9,4.8,3.0
2907, Paulinho,Wieczysta Kraków,FWD,1.8,ok,45.0,4.2,4.0,3.9,3.8,3.7,3.9,5.3,4.0
184,Rafał Wolski,Radomiak Radom,MID,2.2,ok,45.0,4.7,3.3,4.8,2.9,5.0,4.5,3.1,4.4
2926,Samuel Ntamack,Piast Gliwice,FWD,2.0,ok,20.0,3.7,4.9,2.9,4.7,4.4,3.7,4.5,3.8
2847,Mads Agger,Pogoń Szczecin,MID,1.8,ok,85.0,4.2,3.2,4.7,3.1,4.7,3.5,4.5,4.5
2431,Rúben Vinagre,Legia Warszawa,DEF,1.8,ok,85.0,2.8,5.6,2.6,5.6,2.6,5.5,2.9,4.8
147,Kamil Jóźwiak,Jagiellonia Białystok,MID,1.9,ok,20.0,4.7,3.7,4.6,4.8,2.9,3.1,5.0,3.5
2719,Leandro Sanca,Piast Gliwice,MID,1.8,ok,45.0,3.6,4.9,2.9,4.6,4.3,3.6,4.4,3.7
128,Łukasz Sekulski,Wisła Płock,FWD,2.1,ok,45.0,3.2,4.6,3.6,3.9,3.6,4.7,3.7,4.7
2032,Oskar Leśniak,Piast Gliwice,MID,1.6,ok,85.0,3.6,4.8,2.9,4.6,4.3,3.6,4.4,3.7
2826,Levente Szabó,Zagłębie Lubin,FWD,1.8,ok,85.0,4.5,2.9,2.9,4.9,3.6,4.7,3.7,4.6
2557,Abdoul Tapsoba,Radomiak Radom,FWD,1.7,ok,85.0,4.5,3.2,4.6,2.8,4.8,4.4,3.1,4.3
2892,Luka Marjanac,Śląsk Wrocław,MID,1.9,ok,85.0,3.4,4.5,4.6,3.7,4.5,3.1,3.3,4.6
633,Mateusz Wdowiak,GKS Katowice,MID,1.8,ok,45.0,3.4,4.9,4.7,3.6,4.7,3.4,3.4,3.6
2345,Wojciech Urbański,Legia Warszawa,MID,1.7,ok,45.0,3.3,4.7,3.2,4.7,3.2,4.6,3.3,4.3
1341,Fran Tudor,Raków Częstochowa,DEF,1.9,ok,85.0,4.8,3.0,5.2,2.3,4.9,4.3,1.6,5.1
2588,Mauro Perković,Cracovia,DEF,1.8,ok,45.0,1.7,5.0,3.4,4.6,5.1,3.1,5.2,3.1
2664,Dimítris Rállis,Jagiellonia Białystok,FWD,1.9,ok,85.0,4.5,3.6,4.4,4.6,2.9,3.1,4.7,3.4
2871,Julian Lelieveld,Wisła Kraków,DEF,1.7,ok,85.0,5.2,2.4,5.6,2.4,2.7,5.5,2.4,5.0
2910,Bruno Durdov,Górnik Zabrze,MID,1.9,ok,85.0,4.9,3.2,3.5,5.0,2.9,4.6,3.1,3.9
2920,Makan Aïko,Motor Lublin,MID,1.8,ok,20.0,3.2,4.5,3.5,4.6,3.3,4.6,4.5,2.9
1332,Erik Jirka,GKS Katowice,DEF,1.9,ok,45.0,2.9,5.7,5.2,3.2,5.2,2.8,2.8,3.2
2943,Peter González,Górnik Zabrze,MID,1.9,ok,20.0,4.9,3.2,3.5,5.0,2.9,4.5,3.1,3.9
2046,Dawid Drachal,Jagiellonia Białystok,MID,1.7,ok,45.0,4.5,3.5,4.4,4.6,2.8,3.0,4.8,3.4
239,Marcin Flis,Wisła Płock,DEF,1.7,ok,20.0,2.4,5.0,3.1,3.8,3.1,5.1,3.3,5.2
2566,José Pozo,Pogoń Szczecin,MID,1.8,ok,45.0,4.0,3.1,4.5,3.0,4.5,3.3,4.3,4.2
2477,Marcel Reguła,Zagłębie Lubin,MID,2.1,ok,85.0,4.4,2.8,2.8,4.8,3.4,4.6,3.6,4.4
2281,Sebastian Kerk,Zagłębie Lubin,MID,2.1,ok,45.0,4.4,2.8,2.8,4.8,3.4,4.6,3.6,4.4
2800,Christopher Cheng,Widzew Łódź,DEF,1.8,ok,85.0,5.4,3.2,2.5,4.8,3.5,3.6,5.5,2.2
2526,Sondre Liseth,Górnik Zabrze,FWD,2.0,ok,45.0,4.8,3.2,3.5,4.8,2.9,4.5,3.1,3.9
2745,Mateusz Klich,Cracovia,MID,1.8,ok,85.0,2.7,4.3,3.6,4.2,4.4,3.4,4.5,3.5
1756,Konrad Matuszewski,Korona Kielce,DEF,1.9,ok,85.0,2.3,4.9,4.3,2.4,5.1,3.1,5.2,3.3
2299,Norbert Barczak,Korona Kielce,DEF,1.7,ok,20.0,2.3,4.9,4.3,2.4,5.1,3.1,5.2,3.3
87,Damian Szymański,Legia Warszawa,MID,1.8,ok,45.0,3.2,4.6,3.1,4.6,3.1,4.5,3.3,4.2
2873,Ervin Omic,Wisła Kraków,MID,1.6,ok,45.0,4.5,3.1,4.7,3.0,3.2,4.6,3.1,4.4
1398,Jakub Sypek,Zagłębie Lubin,MID,1.8,ok,45.0,4.3,2.8,2.8,4.8,3.4,4.5,3.6,4.4
2505,Dimítrios Keramítsis,Pogoń Szczecin,DEF,1.8,ok,85.0,4.1,2.4,4.9,2.2,5.0,2.8,4.6,4.5
2002,Léo Borges,Pogoń Szczecin,DEF,1.7,ok,45.0,4.1,2.4,4.9,2.2,5.0,2.8,4.6,4.5
2687,Ángel Baena,Widzew Łódź,MID,1.8,ok,85.0,4.6,3.5,3.1,4.3,3.7,3.7,4.6,3.0
827,Mateusz Grzybek,Zagłębie Lubin,DEF,1.9,ok,45.0,4.8,1.9,1.9,5.5,3.0,5.1,3.3,4.9
1935,Juljan Shehu,Widzew Łódź,MID,2.0,ok,85.0,4.6,3.5,3.1,4.3,3.7,3.6,4.6,3.0
2447,João Moutinho,Lech Poznań,DEF,1.8,ok,45.0,4.6,3.6,4.5,3.3,4.4,2.7,4.4,2.8
2473,Michalis Kosidis,Zagłębie Lubin,FWD,1.8,ok,85.0,4.3,2.8,2.8,4.7,3.4,4.4,3.6,4.3
2096,Kacper Śmiglewski,Cracovia,FWD,1.5,ok,20.0,2.7,4.3,3.6,4.1,4.3,3.4,4.4,3.5
2891,Michał Rosiak,Śląsk Wrocław,MID,1.5,ok,85.0,3.3,4.2,4.4,3.5,4.3,3.0,3.1,4.4
1327,Kacper Urbański,Górnik Zabrze,MID,1.8,ok,85.0,4.7,3.1,3.4,4.8,2.8,4.4,3.1,3.8
2010,Saïd Hamulic,Wisła Płock,FWD,1.8,ok,85.0,3.0,4.3,3.4,3.7,3.4,4.4,3.5,4.4
2848,Ondřej Zmrzlý,Górnik Zabrze,DEF,1.8,ok,45.0,5.6,2.5,3.0,5.8,1.9,5.0,2.4,3.8
458,Arkadiusz Reca,Legia Warszawa,DEF,1.7,ok,85.0,2.6,5.2,2.4,5.1,2.4,5.0,2.7,4.4
1529,Mariusz Fornalczyk,Widzew Łódź,MID,2.0,ok,85.0,4.5,3.4,3.0,4.2,3.6,3.6,4.5,2.9
2732,Tonio Teklić,Widzew Łódź,MID,1.7,ok,20.0,4.5,3.4,3.0,4.2,3.6,3.6,4.5,2.9
1039,Wiktor Biedrzycki,Wisła Kraków,DEF,1.7,ok,45.0,5.0,2.3,5.3,2.2,2.5,5.3,2.3,4.8
2295,Daniel Bąk,Korona Kielce,FWD,0.7,ok,20.0,3.0,4.2,3.9,3.1,4.3,3.4,4.3,3.5
2367,Wojciech Mońka,Lech Poznań,DEF,2.1,ok,85.0,4.5,3.5,4.4,3.2,4.3,2.6,4.3,2.7
1471,Kamil Lukoszek,Górnik Zabrze,MID,1.7,ok,45.0,4.6,3.1,3.3,4.7,2.8,4.3,3.0,3.7
1998,Olaf Kobacki,Wisła Płock,MID,1.8,ok,20.0,3.0,4.2,3.3,3.6,3.3,4.3,3.5,4.3
1725,Mehir Emreli,Raków Częstochowa,FWD,2.3,ok,20.0,4.0,3.4,4.2,3.0,4.1,3.9,2.6,4.2
2163,Marcel Pięczek,Korona Kielce,DEF,1.8,ok,85.0,2.2,4.7,4.1,2.3,4.9,2.9,5.0,3.2
2918,Terry Yegbe,Lech Poznań,DEF,2.1,ok,85.0,4.5,3.4,4.3,3.2,4.3,2.6,4.3,2.7
1853,Bogdan Racovițan,Raków Częstochowa,DEF,2.0,ok,85.0,4.5,2.8,4.9,2.1,4.6,4.1,1.5,4.8
2668,Tamar Svetlin,Korona Kielce,MID,1.8,ok,85.0,2.9,4.2,3.8,3.0,4.3,3.3,4.3,3.4
2784,Benjamin Mendy,Pogoń Szczecin,DEF,1.7,ok,85.0,3.9,2.3,4.7,2.1,4.8,2.7,4.4,4.3
2728,Juande Rivas,Piast Gliwice,DEF,1.8,ok,85.0,2.9,5.1,1.8,4.6,4.2,3.0,4.4,3.1
1192,Erik Janža,Górnik Zabrze,DEF,2.2,ok,85.0,5.5,2.4,2.9,5.6,1.9,4.8,2.3,3.7
2755,Romário Baró,Radomiak Radom,MID,1.7,ok,85.0,4.1,3.0,4.2,2.7,4.3,4.0,2.9,3.9
2794,Lukáš Sadílek,Górnik Zabrze,MID,2.0,ok,85.0,4.5,3.0,3.3,4.6,2.8,4.2,3.0,3.6
2954,Vincent Burlet,Cracovia,DEF,1.8,ok,20.0,1.6,4.6,3.1,4.3,4.7,2.9,4.9,2.9
2727,Natan Ława,Pogoń Szczecin,MID,1.6,ok,85.0,3.7,3.0,4.1,2.9,4.1,3.1,4.0,3.9
1126,Kamil Piątkowski,Legia Warszawa,DEF,2.0,ok,85.0,2.5,5.0,2.3,5.0,2.3,4.8,2.6,4.2
1616,Adam Zreľák,GKS Katowice,FWD,1.8,ok,85.0,3.2,4.3,4.1,3.3,4.1,3.1,3.1,3.3
2904,Christopher Lungoyi,Wieczysta Kraków,MID,2.0,ok,20.0,3.6,3.4,3.4,3.3,3.3,3.4,4.5,3.5
1757,Bartosz Mrozek,Lech Poznań,GK,2.2,ok,45.0,4.2,3.4,4.1,3.2,4.0,2.7,4.1,2.7
2699,Ivo Rodrigues,Motor Lublin,MID,1.8,ok,85.0,3.0,4.0,3.2,4.1,3.1,4.1,4.0,2.7
1290,Karol Struski,Raków Częstochowa,MID,1.7,ok,45.0,3.9,3.2,4.1,2.8,3.9,3.7,2.5,4.0
2767,Yannick Agnero,Lech Poznań,FWD,1.8,ok,45.0,3.8,3.5,3.7,3.4,3.7,3.1,3.7,3.1
951,Arkadiusz Jędrych,GKS Katowice,DEF,2.3,ok,85.0,2.6,5.1,4.7,2.9,4.7,2.5,2.6,2.9
1026,Mateusz Lis,Lech Poznań,GK,1.8,ok,85.0,4.2,3.3,4.1,3.1,4.0,2.6,4.0,2.6
1653,Adam Radwański,Wisła Płock,MID,1.8,ok,45.0,2.9,3.9,3.2,3.4,3.2,4.0,3.3,4.0
1754,Michał Król,Wisła Płock,MID,1.8,ok,45.0,2.9,3.9,3.2,3.4,3.2,4.0,3.3,4.0
2680,Mor N'Diaye,Pogoń Szczecin,MID,1.7,ok,20.0,3.5,2.9,3.9,2.8,4.0,3.0,3.8,3.8
2743,Elves Balde,Radomiak Radom,FWD,1.7,ok,85.0,3.9,2.9,3.9,2.6,4.1,3.8,2.8,3.7
1285,Lucas Luquinhas,Radomiak Radom,MID,2.0,ok,85.0,3.9,2.9,3.9,2.6,4.1,3.8,2.8,3.7
2066,David González Plata,Korona Kielce,MID,1.7,ok,85.0,2.8,3.9,3.6,2.9,4.0,3.1,4.0,3.3
1136,Mateusz Praszelik,Cracovia,MID,1.7,ok,85.0,2.5,3.9,3.3,3.7,3.9,3.1,4.0,3.2
2903,Petar Pusic,Wieczysta Kraków,MID,1.7,ok,45.0,3.6,3.3,3.3,3.2,3.2,3.3,4.3,3.4
2073,Linus Wahlqvist,Pogoń Szczecin,DEF,1.8,ok,85.0,3.7,2.2,4.4,2.0,4.5,2.5,4.1,4.1
1225,Jan Grzesik,Radomiak Radom,DEF,2.0,ok,85.0,4.3,2.2,4.5,1.7,4.8,4.1,2.0,3.9
86,Taras Romanczuk,Jagiellonia Białystok,MID,1.9,ok,85.0,3.9,3.2,3.8,4.0,2.6,2.8,4.1,3.0
1490,Kacper Trelowski,Raków Częstochowa,GK,1.9,ok,85.0,4.1,2.7,4.4,2.2,4.2,3.7,1.7,4.3
2785,Hussein Ali,Pogoń Szczecin,DEF,1.7,ok,20.0,3.6,2.1,4.4,2.0,4.5,2.5,4.1,4.0
2952,Ché Nunnely,Radomiak Radom,MID,1.8,ok,20.0,3.8,2.8,3.9,2.6,4.0,3.7,2.8,3.6
2462,Amir Al-Ammari,Cracovia,MID,1.8,ok,85.0,2.5,3.8,3.2,3.7,3.9,3.1,3.9,3.1
2176,Mateusz Kowalczyk,GKS Katowice,MID,1.9,ok,85.0,3.0,4.1,3.9,3.2,3.9,3.0,3.0,3.1
2685,Apóstolos Konstantópoulos,Jagiellonia Białystok,DEF,1.7,ok,20.0,4.4,2.8,4.3,4.5,1.7,2.0,4.9,2.5
1582,Yehor Matsenko,Śląsk Wrocław,DEF,1.8,ok,85.0,2.5,4.2,4.5,2.9,4.3,2.0,2.3,4.4
2779,Deni Jurić,Wisła Płock,FWD,1.8,ok,85.0,2.8,3.8,3.1,3.3,3.1,3.9,3.2,3.9
2616,Kamil Jakubczyk,Korona Kielce,MID,1.7,ok,20.0,2.8,3.8,3.5,2.8,3.9,3.1,3.9,3.2
1623,Filip Borowski,Piast Gliwice,DEF,1.6,ok,85.0,2.7,4.7,1.7,4.3,3.9,2.7,4.1,2.9
2869,Jakub Krzyżanowski,Wisła Kraków,DEF,1.6,ok,45.0,4.5,2.1,4.8,2.0,2.3,4.7,2.1,4.3
994,Lukas Klemenz,GKS Katowice,DEF,2.0,ok,45.0,2.5,4.9,4.5,2.8,4.5,2.4,2.5,2.7
2386,Patrik Hellebrand,Korona Kielce,MID,2.1,ok,45.0,2.7,3.7,3.5,2.8,3.8,3.1,3.9,3.2
2448,Alex Douglas,Lech Poznań,DEF,1.8,ok,20.0,4.1,3.1,3.9,2.9,3.9,2.4,3.9,2.5
2316,Mateusz Pruchniewski,Lech Poznań,GK,0.7,ok,45.0,4.1,3.1,3.9,2.9,3.9,2.4,3.9,2.5
2894,Malaly Dembélé,Śląsk Wrocław,FWD,1.9,ok,20.0,3.0,3.7,3.8,3.2,3.7,2.7,2.9,3.7
2444,Marcel Krajewski,Widzew Łódź,DEF,1.8,ok,45.0,4.7,2.8,2.1,4.2,3.0,3.1,4.8,1.9
2454,Pau Resta,GKS Katowice,DEF,1.9,ok,45.0,2.5,4.9,4.4,2.8,4.5,2.4,2.4,2.7
2874,James Igbekeme,Wisła Kraków,MID,1.7,ok,85.0,3.8,2.7,3.9,2.7,2.8,3.9,2.8,3.7
1494,Kacper Duda,Wisła Kraków,MID,1.6,ok,85.0,3.8,2.7,3.9,2.7,2.8,3.9,2.8,3.7
2100,Dušan Stojinović,Jagiellonia Białystok,DEF,1.7,ok,45.0,4.3,2.7,4.2,4.4,1.6,1.9,4.8,2.4
2752,Slobodan Rubežić,Korona Kielce,DEF,1.7,ok,85.0,2.0,4.2,3.6,2.1,4.4,2.6,4.4,2.8
1893,Dani Pacheco,Wisła Płock,MID,1.8,ok,85.0,2.7,3.7,3.0,3.2,3.0,3.7,3.1,3.7
2890,Alex Timossi Andersson,Śląsk Wrocław,MID,2.0,ok,20.0,2.9,3.6,3.7,3.1,3.6,2.7,2.8,3.7
1214,Filip Szymczak,Zagłębie Lubin,FWD,1.8,ok,20.0,3.6,2.5,2.5,3.9,3.0,3.7,3.1,3.7
1931,Steve Kapuadi,Widzew Łódź,DEF,1.8,ok,85.0,4.6,2.7,2.1,4.1,2.9,3.0,4.7,1.9
1020,Jakub Łabojko,Piast Gliwice,MID,1.7,ok,45.0,3.0,3.8,2.5,3.6,3.4,3.0,3.5,3.1
20,Damian Dąbrowski,Zagłębie Lubin,MID,1.7,ok,85.0,3.6,2.5,2.5,3.9,3.0,3.7,3.1,3.6
1909,Rafał Adamski,Legia Warszawa,FWD,2.0,ok,85.0,2.9,3.7,2.8,3.7,2.8,3.6,2.9,3.5
2900,Nikola Knezevic,Wieczysta Kraków,MID,1.7,ok,45.0,3.3,3.1,3.1,3.0,3.0,3.1,4.0,3.2
1540,Norbert Wojtuszek,Jagiellonia Białystok,DEF,1.9,ok,85.0,4.2,2.6,4.1,4.3,1.6,1.9,4.7,2.4
1747,Igor Drapiński,Piast Gliwice,DEF,1.8,ok,85.0,2.6,4.5,1.6,4.1,3.7,2.6,3.9,2.7
2841,Yvan Ikia Dimi,Górnik Zabrze,MID,1.7,ok,45.0,3.9,2.8,2.9,4.0,2.5,3.6,2.7,3.2
2939,Nik Prelec,Jagiellonia Białystok,FWD,2.0,ok,20.0,3.6,3.0,3.5,3.6,2.5,2.7,3.8,2.9
2456,Christopher Simon,Motor Lublin,MID,1.7,ok,85.0,2.7,3.6,2.9,3.7,2.8,3.6,3.6,2.6
2909,Dominik Baumgartner,Cracovia,DEF,1.8,ok,20.0,1.4,4.1,2.7,3.8,4.1,2.5,4.3,2.6
423,Adrian Błąd,GKS Katowice,MID,1.7,ok,20.0,2.9,3.8,3.6,3.0,3.6,2.8,2.8,3.0
2016,Jakub Lewicki,Piast Gliwice,DEF,1.7,ok,85.0,2.5,4.5,1.6,4.1,3.7,2.6,3.8,2.7
2450,Ivan Brkić,Legia Warszawa,GK,1.8,ok,20.0,2.3,4.3,2.1,4.3,2.1,4.2,2.4,3.7
2908,Szymon Bartlewicz,GKS Katowice,MID,1.6,ok,20.0,2.8,3.8,3.6,3.0,3.6,2.8,2.8,2.9
2435,Zié Ouattara,Radomiak Radom,DEF,1.8,ok,85.0,4.0,2.0,4.1,1.5,4.4,3.8,1.9,3.6
2930,Dieudonné Debohi,Raków Częstochowa,DEF,1.9,ok,20.0,3.9,2.4,4.2,1.8,4.0,3.5,1.3,4.2
2838,Dominik Czeremski,Raków Częstochowa,GK,0.7,ok,20.0,3.9,2.4,4.2,1.8,4.0,3.5,1.3,4.2
2325,Erick Otieno,Raków Częstochowa,DEF,1.8,ok,20.0,3.9,2.4,4.2,1.8,4.0,3.5,1.3,4.2
2961,Nikodem Całko,Raków Częstochowa,DEF,0.7,ok,20.0,3.9,2.4,4.2,1.8,4.0,3.5,1.3,4.2
2932,Tarik Karić,Raków Częstochowa,GK,1.8,ok,20.0,3.9,2.4,4.2,1.8,4.0,3.5,1.3,4.2
2843,Wiktor Żołneczko,Raków Częstochowa,GK,0.7,ok,20.0,3.9,2.4,4.2,1.8,4.0,3.5,1.3,4.2
2125,Gleb Kuczko,Wisła Płock,MID,0.9,ok,20.0,2.7,3.5,2.9,3.1,2.9,3.6,3.0,3.6
2508,Mateusz Dziewiatowski,Zagłębie Lubin,MID,1.4,ok,20.0,3.5,2.5,2.5,3.8,2.9,3.6,3.0,3.5
2781,Žan Rogelj,Wisła Płock,DEF,1.8,ok,85.0,2.0,4.0,2.5,3.1,2.5,4.2,2.7,4.2
2807,Kellyn Acosta,Pogoń Szczecin,MID,1.8,ok,45.0,3.2,2.7,3.5,2.6,3.6,2.8,3.4,3.4
2391,Miki Villar,Wieczysta Kraków,MID,1.7,ok,85.0,3.2,3.0,3.0,3.0,2.9,3.0,3.9,3.1
692,Zoran Arsenić,Legia Warszawa,DEF,1.8,ok,20.0,2.1,4.4,2.0,4.4,2.0,4.3,2.2,3.7
722,Karol Angielski,Pogoń Szczecin,FWD,1.8,ok,45.0,3.2,2.7,3.5,2.6,3.5,2.8,3.4,3.4
681,Michał Nalepa,Zagłębie Lubin,DEF,1.7,ok,85.0,3.9,1.6,1.6,4.6,2.4,4.2,2.7,4.0
563,Marcin Wasielewski,GKS Katowice,DEF,2.0,ok,85.0,2.3,4.6,4.1,2.6,4.2,2.2,2.3,2.6
2815,Guilherme Montóia,Jagiellonia Białystok,DEF,1.8,ok,85.0,4.1,2.5,3.9,4.2,1.6,1.8,4.5,2.3
2901,Tobias Christensen,Wieczysta Kraków,MID,1.8,ok,85.0,3.2,3.0,3.0,2.9,2.9,3.0,3.8,3.1
2821,Attila Szalai,Pogoń Szczecin,DEF,1.9,ok,85.0,3.3,2.0,4.0,1.8,4.1,2.3,3.7,3.7
1922,Dominik Piła,Cracovia,DEF,1.7,ok,85.0,1.4,3.9,2.7,3.6,4.0,2.5,4.1,2.5
2500,Cezary Polak,Jagiellonia Białystok,DEF,1.6,ok,20.0,4.0,2.5,3.9,4.1,1.5,1.8,4.5,2.3
2541,Leon Flach,Jagiellonia Białystok,MID,1.8,ok,85.0,3.4,2.9,3.4,3.5,2.4,2.6,3.6,2.8
2662,Yūki Kobayashi,Jagiellonia Białystok,DEF,1.7,ok,85.0,4.0,2.5,3.9,4.1,1.5,1.8,4.5,2.3
2351,Szymon Karasiński,Zagłębie Lubin,MID,0.7,ok,20.0,3.4,2.5,2.4,3.7,2.8,3.5,2.9,3.4
1578,Jan Biegański,Pogoń Szczecin,MID,1.7,ok,85.0,3.1,2.6,3.4,2.6,3.4,2.7,3.3,3.3
1682,Miłosz Kozak,Śląsk Wrocław,MID,1.7,ok,20.0,2.8,3.3,3.4,2.9,3.3,2.6,2.7,3.4
2805,Otto Hindrich,Legia Warszawa,GK,1.9,ok,85.0,2.1,4.3,1.9,4.2,1.9,4.1,2.2,3.6
2902,Lucas Piazón,Wieczysta Kraków,MID,1.7,ok,85.0,3.1,2.9,2.9,2.9,2.9,2.9,3.7,3.0
2919,Robert Deziel,Legia Warszawa,DEF,1.7,ok,20.0,2.1,4.2,1.9,4.2,1.9,4.1,2.2,3.6
2676,Emmanuel Twumasi,Piast Gliwice,DEF,1.7,ok,45.0,2.4,4.3,1.5,3.9,3.5,2.4,3.6,2.6
813,Mateusz Żyro,Widzew Łódź,DEF,1.7,ok,45.0,4.3,2.6,1.9,3.8,2.7,2.8,4.4,1.7
2690,Ricardo Visus,Widzew Łódź,DEF,1.7,ok,20.0,4.3,2.6,1.9,3.8,2.7,2.8,4.4,1.7
2763,Brahim Traoré,Cracovia,DEF,1.7,ok,85.0,1.4,3.8,2.6,3.6,3.9,2.4,4.1,2.4
2571,Gustaw Henriksson,Cracovia,DEF,1.7,ok,85.0,1.4,3.8,2.6,3.6,3.9,2.4,4.1,2.4
166,Rafał Janicki,Górnik Zabrze,DEF,2.0,ok,85.0,4.6,2.0,2.4,4.7,1.6,4.0,1.9,3.0
2090,Chrístos Dónis,Radomiak Radom,MID,1.6,ok,85.0,3.3,2.6,3.4,2.4,3.5,3.2,2.5,3.2
2689,Lindon Selahi,Widzew Łódź,MID,1.8,ok,45.0,3.5,2.9,2.6,3.3,2.9,2.9,3.5,2.5
2945,Rodrigo Conceicao,Jagiellonia Białystok,DEF,2.0,ok,20.0,3.9,2.5,3.8,4.0,1.5,1.8,4.4,2.2
244,Radosław Murawski,Lech Poznań,MID,1.7,ok,85.0,3.2,3.0,3.2,2.9,3.2,2.7,3.2,2.7
1005,Karol Fila,Wieczysta Kraków,DEF,1.7,ok,85.0,3.1,2.9,2.7,2.6,2.5,2.7,4.7,2.9
2652,Krystian Pomorski,Wisła Płock,MID,1.7,ok,85.0,2.6,3.3,2.8,2.9,2.8,3.4,2.9,3.4
2703,Ibrahima Camará,Radomiak Radom,MID,1.7,ok,45.0,3.3,2.6,3.4,2.4,3.5,3.2,2.5,3.1
2748,Jesse Bosch,GKS Katowice,MID,1.7,ok,20.0,2.7,3.5,3.4,2.8,3.4,2.7,2.7,2.8
964,Sebastian Milewski,GKS Katowice,MID,1.8,ok,85.0,2.7,3.5,3.4,2.8,3.4,2.7,2.7,2.8
2472,Bartłomiej Smolarczyk,Korona Kielce,DEF,1.7,ok,45.0,1.8,3.9,3.3,1.9,4.0,2.4,4.1,2.6
2458,Hubert Zwoźny,Korona Kielce,DEF,1.7,ok,85.0,1.8,3.9,3.3,1.9,4.0,2.4,4.1,2.6
1455,Aleks Ławniczak,Zagłębie Lubin,DEF,1.7,ok,45.0,3.8,1.5,1.5,4.4,2.3,4.0,2.6,3.9
2059,Jakub Kolan,Zagłębie Lubin,MID,1.7,ok,20.0,3.2,2.4,2.4,3.5,2.8,3.4,2.9,3.3
2769,Bogdan Mirčetić,Raków Częstochowa,MID,1.8,ok,20.0,3.2,2.7,3.4,2.5,3.3,3.1,2.3,3.3
2661,Bernardo Vital,Jagiellonia Białystok,DEF,1.9,ok,85.0,3.9,2.4,3.8,4.0,1.5,1.7,4.3,2.2
2810,Carlos Isaac,Widzew Łódź,DEF,1.8,ok,20.0,4.2,2.5,1.9,3.7,2.7,2.8,4.3,1.7
2940,Mario García,Widzew Łódź,DEF,1.9,ok,20.0,4.2,2.5,1.9,3.7,2.7,2.8,4.3,1.7
2811,Abraham Ojo,Raków Częstochowa,MID,1.8,ok,20.0,3.2,2.7,3.3,2.5,3.3,3.1,2.3,3.3
118,Michał Mokrzycki,Śląsk Wrocław,MID,1.6,ok,85.0,2.7,3.2,3.3,2.9,3.2,2.5,2.6,3.3
256,Jakub Czerwiński,Piast Gliwice,DEF,1.7,ok,45.0,2.4,4.2,1.5,3.8,3.4,2.4,3.5,2.5
2886,Eniss Shabani,Śląsk Wrocław,MID,1.9,ok,20.0,2.7,3.2,3.3,2.8,3.2,2.5,2.6,3.3
432,Grzegorz Tomasiewicz,Śląsk Wrocław,MID,1.7,ok,45.0,2.7,3.2,3.3,2.8,3.2,2.5,2.6,3.3
1900,Władysław Koczerhin,Raków Częstochowa,MID,2.0,ok,45.0,3.2,2.7,3.3,2.5,3.2,3.0,2.3,3.3
992,Przemysław Wiśniewski,Widzew Łódź,DEF,2.0,ok,85.0,4.2,2.5,1.9,3.7,2.6,2.7,4.2,1.7
2867,Mariusz Kutwa,Wisła Kraków,DEF,1.5,ok,85.0,3.9,1.8,4.2,1.8,2.0,4.1,1.8,3.7
1598,Mateusz Łęgowski,Motor Lublin,MID,1.9,ok,85.0,2.6,3.2,2.7,3.3,2.6,3.3,3.2,2.4
2353,Mikkel Maigaard,Wieczysta Kraków,MID,2.0,ok,85.0,3.0,2.8,2.8,2.8,2.7,2.8,3.5,2.9
2058,Filip Kocaba,Zagłębie Lubin,MID,1.7,ok,85.0,3.1,2.4,2.4,3.4,2.7,3.2,2.8,3.2
2491,Maciej Wojciechowski,Pogoń Szczecin,MID,0.7,ok,20.0,2.9,2.5,3.2,2.5,3.2,2.6,3.1,3.1
2104,Michal Sáček,Górnik Zabrze,DEF,1.8,ok,85.0,4.4,1.9,2.3,4.5,1.5,3.8,1.8,2.9
2189,Adrián Diéguez,Radomiak Radom,DEF,1.8,ok,85.0,3.6,1.8,3.8,1.4,4.0,3.5,1.7,3.3
2744,Stélios Andréou,Widzew Łódź,DEF,1.7,ok,85.0,4.1,2.4,1.8,3.6,2.6,2.7,4.2,1.6
2098,Olivier Sukiennicki,Wisła Kraków,MID,1.5,ok,20.0,3.2,2.5,3.3,2.5,2.6,3.3,2.5,3.1
2553,Aleksander Wyganowski,Legia Warszawa,MID,0.7,ok,20.0,2.5,3.3,2.5,3.3,2.5,3.2,2.6,3.0
2962,Erik Mikanowicz,Legia Warszawa,MID,0.7,ok,20.0,2.5,3.3,2.5,3.3,2.5,3.2,2.6,3.0
2959,Filip Przybyłko,Legia Warszawa,MID,0.7,ok,20.0,2.5,3.3,2.5,3.3,2.5,3.2,2.6,3.0
2749,Henrique Arreiol,Legia Warszawa,MID,1.7,ok,85.0,2.5,3.3,2.5,3.3,2.5,3.2,2.6,3.0
2798,Samuel Kováčik,Legia Warszawa,MID,1.3,ok,20.0,2.5,3.3,2.5,3.3,2.5,3.2,2.6,3.0
2681,Jérémy Blasco,Radomiak Radom,DEF,1.7,ok,20.0,3.6,1.8,3.7,1.4,4.0,3.4,1.7,3.3
308,Kamil Dankowski,Wieczysta Kraków,DEF,1.6,ok,45.0,3.0,2.7,2.5,2.5,2.4,2.5,4.5,2.7
2809,Simon Gustafson,Korona Kielce,MID,1.8,ok,45.0,2.5,3.1,2.9,2.5,3.2,2.7,3.2,2.7
2851,Marius Olsen,GKS Katowice,DEF,1.7,ok,85.0,2.1,4.2,3.8,2.4,3.8,2.0,2.1,2.3
2865,Maxence Maisonneuve,Wisła Kraków,DEF,1.7,ok,20.0,3.8,1.8,4.1,1.7,1.9,4.0,1.8,3.6
1386,Ariel Mosór,Korona Kielce,DEF,1.8,ok,20.0,1.7,3.6,3.1,1.8,3.8,2.3,3.9,2.4
1400,Xavier Dziekoński,Korona Kielce,GK,2.0,ok,85.0,1.8,3.5,3.1,1.9,3.7,2.3,3.8,2.4
2688,Dion Gallapeni,Wisła Płock,DEF,1.8,ok,85.0,1.8,3.6,2.3,2.7,2.3,3.7,2.4,3.7
1280,Damian Michalski,Zagłębie Lubin,DEF,1.8,ok,85.0,3.5,1.4,1.4,4.1,2.2,3.8,2.4,3.6
2160,Roman Jakuba,Zagłębie Lubin,DEF,1.7,ok,45.0,3.5,1.4,1.4,4.1,2.2,3.8,2.4,3.6
698,Alan Czerwiński,GKS Katowice,DEF,1.8,ok,85.0,2.1,4.1,3.7,2.3,3.8,2.0,2.0,2.3
2820,Beno Selan,Cracovia,MID,1.6,ok,20.0,2.3,3.0,2.7,2.9,3.0,2.6,3.1,2.6
2053,Sebastian Madejski,Cracovia,GK,1.8,ok,85.0,1.4,3.5,2.4,3.2,3.5,2.3,3.6,2.3
2849,Kyriákos Savvídis,Wisła Płock,MID,1.7,ok,20.0,2.4,3.0,2.6,2.7,2.6,3.1,2.7,3.1
2286,Valentin Cojocaru,Pogoń Szczecin,GK,1.8,ok,85.0,2.9,1.8,3.5,1.7,3.6,2.1,3.3,3.2
1795,Sławomir Abramowicz,Jagiellonia Białystok,GK,2.0,ok,85.0,3.5,2.3,3.4,3.6,1.5,1.7,3.9,2.1
2839,Ivan Lima,Piast Gliwice,MID,1.8,ok,20.0,2.6,3.1,2.3,3.0,2.9,2.6,2.9,2.6
2302,Adam Chojecki,Korona Kielce,MID,1.0,ok,20.0,2.4,3.0,2.8,2.4,3.0,2.6,3.1,2.6
2263,Kacper Kucharczyk,Korona Kielce,MID,0.7,ok,20.0,2.4,3.0,2.8,2.4,3.0,2.6,3.1,2.6
2722,Kacper Minuczyc,Korona Kielce,MID,0.7,ok,20.0,2.4,3.0,2.8,2.4,3.0,2.6,3.1,2.6
1244,Wojciech Kamiński,Korona Kielce,MID,1.5,ok,20.0,2.4,3.0,2.8,2.4,3.0,2.6,3.1,2.6
2656,Natan Dzięgielewski,Górnik Zabrze,MID,1.7,ok,45.0,3.2,2.4,2.6,3.3,2.3,3.0,2.4,2.7
2866,Darijo Grujcic,Wisła Kraków,DEF,1.7,ok,85.0,3.6,1.7,3.9,1.7,1.9,3.9,1.7,3.5
2875,Marc Carbó,Wisła Kraków,MID,1.7,ok,45.0,3.0,2.4,3.1,2.4,2.5,3.1,2.4,3.0
2239,Igor Orlikowski,Zagłębie Lubin,DEF,1.7,ok,85.0,3.4,1.4,1.4,4.0,2.1,3.7,2.4,3.5
2577,Josip Ćorluka,Zagłębie Lubin,DEF,1.8,ok,85.0,3.4,1.4,1.4,4.0,2.1,3.7,2.4,3.5
2510,Eryk Kozłowski,Jagiellonia Białystok,MID,0.7,ok,20.0,3.0,2.6,2.9,3.0,2.3,2.4,3.1,2.5
2966,Jeremy Agbonifo,Jagiellonia Białystok,MID,2.0,ok,20.0,3.0,2.6,2.9,3.0,2.3,2.4,3.1,2.5
2830,Zachary Zalewski,Jagiellonia Białystok,MID,0.7,ok,20.0,3.0,2.6,2.9,3.0,2.3,2.4,3.1,2.5
2470,Igor Brzyski,Pogoń Szczecin,MID,1.3,ok,20.0,2.7,2.4,3.0,2.4,3.0,2.5,2.9,2.9
2835,Jacek Czapliński,Pogoń Szczecin,MID,0.8,ok,20.0,2.7,2.4,3.0,2.4,3.0,2.5,2.9,2.9
2837,Sebastian Rojek,Pogoń Szczecin,MID,0.7,ok,20.0,2.7,2.4,3.0,2.4,3.0,2.5,2.9,2.9
2965,Alex Marciniak,Cracovia,MID,1.7,ok,20.0,2.2,2.9,2.6,2.8,3.0,2.6,3.0,2.6
2595,Dawid Polak,Cracovia,MID,0.7,ok,20.0,2.2,2.9,2.6,2.8,3.0,2.6,3.0,2.6
1094,Filip Marchwiński,Cracovia,MID,2.1,ok,20.0,2.2,2.9,2.6,2.8,3.0,2.6,3.0,2.6
2778,Mateusz Skoczylas,Cracovia,MID,1.4,ok,20.0,2.2,2.9,2.6,2.8,3.0,2.6,3.0,2.6
2818,Mateusz Tabisz,Cracovia,MID,1.3,ok,20.0,2.2,2.9,2.6,2.8,3.0,2.6,3.0,2.6
2226,Kamil Cybulski,Widzew Łódź,MID,1.7,ok,20.0,3.1,2.6,2.4,2.9,2.7,2.6,3.1,2.3
2720,Kuba Nawrocki,Widzew Łódź,MID,0.7,ok,20.0,3.1,2.6,2.4,2.9,2.7,2.6,3.1,2.3
2554,Leon Madej,Widzew Łódź,MID,0.7,ok,20.0,3.1,2.6,2.4,2.9,2.7,2.6,3.1,2.3
2555,Nikodem Stachowicz,Widzew Łódź,MID,0.7,ok,20.0,3.1,2.6,2.4,2.9,2.7,2.6,3.1,2.3
2594,Justin Daniel,Piast Gliwice,MID,0.7,ok,20.0,2.5,3.1,2.3,2.9,2.8,2.6,2.9,2.6
2587,Mateusz Kopczyński,Piast Gliwice,MID,0.7,ok,20.0,2.5,3.1,2.3,2.9,2.8,2.6,2.9,2.6
2831,Oliwier Maziarz,Piast Gliwice,MID,0.7,ok,20.0,2.5,3.1,2.3,2.9,2.8,2.6,2.9,2.6
2069,Szczepan Mucha,Piast Gliwice,MID,1.0,ok,85.0,2.5,3.1,2.3,2.9,2.8,2.6,2.9,2.6
701,Patryk Kun,Wisła Płock,DEF,1.7,ok,20.0,1.7,3.5,2.2,2.6,2.2,3.6,2.3,3.6
2963,Maximilian Dietz,Górnik Zabrze,DEF,2.0,ok,85.0,4.1,1.8,2.1,4.2,1.4,3.6,1.7,2.7
2887,Jorge Yriarte,Śląsk Wrocław,MID,1.6,ok,85.0,2.5,2.9,2.9,2.6,2.9,2.4,2.4,2.9
2883,Irodotos Christodoulou,Śląsk Wrocław,DEF,1.8,ok,20.0,2.0,3.3,3.5,2.3,3.4,1.6,1.8,3.5
2535,Steve Kingué,Radomiak Radom,DEF,1.7,ok,85.0,3.3,1.7,3.5,1.3,3.7,3.2,1.6,3.0
2415,Marek Bartoš,Motor Lublin,DEF,1.7,ok,85.0,1.8,3.5,2.1,3.6,1.9,3.5,3.4,1.5
2814,Isak Brusberg,Raków Częstochowa,FWD,1.8,ok,20.0,2.8,2.6,2.9,2.4,2.8,2.7,2.2,2.9
1401,Kryspin Szcześniak,Radomiak Radom,DEF,1.7,ok,20.0,3.3,1.7,3.4,1.3,3.7,3.2,1.6,3.0
1889,Kacper Łukasiak,GKS Katowice,MID,1.7,ok,20.0,2.5,3.1,2.9,2.5,2.9,2.4,2.4,2.5
2655,Bastien Donio,Górnik Zabrze,MID,1.6,ok,45.0,3.1,2.4,2.5,3.1,2.3,2.9,2.3,2.6
2911,Gédéon Nongo,Górnik Zabrze,MID,1.8,ok,20.0,3.1,2.4,2.5,3.1,2.3,2.9,2.3,2.6
2387,José Manuel Josema,Górnik Zabrze,DEF,1.8,ok,85.0,4.0,1.8,2.1,4.1,1.4,3.5,1.7,2.6
2913,Ksawery Semik,Górnik Zabrze,MID,0.9,ok,20.0,3.1,2.4,2.5,3.1,2.3,2.9,2.3,2.6
2916,Marcel Kalemba,Górnik Zabrze,MID,1.4,ok,20.0,3.1,2.4,2.5,3.1,2.3,2.9,2.3,2.6
1186,Michał Rakoczy,Górnik Zabrze,MID,1.8,ok,20.0,3.1,2.4,2.5,3.1,2.3,2.9,2.3,2.6
2955,Igor Chmielewski,Korona Kielce,DEF,0.7,ok,20.0,1.6,3.4,2.9,1.7,3.6,2.1,3.6,2.3
2560,Konrad Ciszek,Korona Kielce,DEF,0.9,ok,20.0,1.6,3.4,2.9,1.7,3.6,2.1,3.6,2.3
2561,Michał Mikielewicz,Korona Kielce,GK,0.7,ok,20.0,1.6,3.4,2.9,1.7,3.6,2.1,3.6,2.3
2240,Michał Niedbała,Korona Kielce,GK,0.7,ok,20.0,1.6,3.4,2.9,1.7,3.6,2.1,3.6,2.3
2052,Rafał Mamla,Korona Kielce,GK,1.6,ok,20.0,1.6,3.4,2.9,1.7,3.6,2.1,3.6,2.3
2921,Mihai Popa,Motor Lublin,GK,1.8,ok,20.0,2.1,3.1,2.3,3.2,2.2,3.2,3.1,2.0
2953,Yacine Bourhane,Motor Lublin,MID,1.8,ok,20.0,2.4,2.9,2.5,2.9,2.4,2.9,2.9,2.3
2936,David Čolina,Zagłębie Lubin,DEF,1.8,ok,20.0,3.3,1.3,1.3,3.9,2.1,3.6,2.3,3.4
1012,Patryk Sokołowski,Śląsk Wrocław,MID,1.7,ok,45.0,2.5,2.8,2.9,2.6,2.8,2.3,2.4,2.9
2801,Bartłomiej Drągowski,Widzew Łódź,GK,1.8,ok,85.0,3.8,2.2,1.7,3.3,2.4,2.4,3.8,1.5
2198,Jan Krzywański,Widzew Łódź,GK,0.8,ok,20.0,3.8,2.2,1.7,3.3,2.4,2.4,3.8,1.5
2770,Veljko Ilić,Widzew Łódź,GK,1.7,ok,45.0,3.8,2.2,1.7,3.3,2.4,2.4,3.8,1.5
2773,Pape Meïssa Ba,Widzew Łódź,FWD,1.8,ok,20.0,2.9,2.6,2.4,2.8,2.6,2.5,3.0,2.3
2741,Alex Peškovič,Pogoń Szczecin,GK,0.7,ok,20.0,2.8,1.6,3.4,1.5,3.5,1.9,3.2,3.1
2236,Axel Holewiński,Pogoń Szczecin,GK,1.2,ok,20.0,2.8,1.6,3.4,1.5,3.5,1.9,3.2,3.1
2927,Níkos Bótis,Pogoń Szczecin,GK,1.7,ok,20.0,2.8,1.6,3.4,1.5,3.5,1.9,3.2,3.1
2750,Rafał Jakubowski,Pogoń Szczecin,DEF,0.7,ok,20.0,2.8,1.6,3.4,1.5,3.5,1.9,3.2,3.1
1948,Henrich Ravas,Cracovia,GK,1.7,ok,45.0,1.2,3.3,2.3,3.1,3.4,2.1,3.5,2.1
2283,Kamil Glik,Cracovia,DEF,1.6,ok,85.0,1.2,3.3,2.3,3.1,3.4,2.1,3.5,2.1
2366,Konrad Golonka,Cracovia,GK,0.7,ok,20.0,1.2,3.3,2.3,3.1,3.4,2.1,3.5,2.1
790,František Plach,Piast Gliwice,GK,1.7,ok,45.0,2.1,3.7,1.3,3.4,3.0,2.1,3.2,2.2
2597,Kamil Nowogoński,Zagłębie Lubin,MID,0.7,ok,20.0,2.8,2.2,2.2,3.0,2.5,2.9,2.5,2.8
2787,Adrian Damasiewicz,Jagiellonia Białystok,GK,0.7,ok,20.0,3.4,2.1,3.3,3.5,1.3,1.5,3.8,1.9
2434,Michał Perchel,Jagiellonia Białystok,GK,1.6,ok,20.0,3.4,2.1,3.3,3.5,1.3,1.5,3.8,1.9
2250,Dawid Rychta,Piast Gliwice,GK,0.7,ok,20.0,2.1,3.7,1.3,3.3,3.0,2.1,3.1,2.2
2924,Domen Gril,Piast Gliwice,GK,1.7,ok,20.0,2.1,3.7,1.3,3.3,3.0,2.1,3.1,2.2
2822,Elton Fikaj,Piast Gliwice,DEF,1.7,ok,20.0,2.1,3.7,1.3,3.3,3.0,2.1,3.1,2.2
2832,Jakub Grelich,Piast Gliwice,GK,0.7,ok,85.0,2.1,3.7,1.3,3.3,3.0,2.1,3.1,2.2
2489,Levis Pitan,Piast Gliwice,DEF,1.7,ok,20.0,2.1,3.7,1.3,3.3,3.0,2.1,3.1,2.2
2429,Marcel Mendes-Dudziński,Piast Gliwice,GK,1.3,ok,20.0,2.1,3.7,1.3,3.3,3.0,2.1,3.1,2.2
2063,Piotr Liszewski,Piast Gliwice,DEF,1.2,ok,20.0,2.1,3.7,1.3,3.3,3.0,2.1,3.1,2.2
2538,Marc Llinares,Śląsk Wrocław,DEF,1.7,ok,85.0,1.9,3.2,3.4,2.2,3.3,1.6,1.8,3.4
2947,Karol Tokarczyk,Wisła Kraków,MID,0.7,ok,20.0,2.8,2.3,2.9,2.3,2.4,2.9,2.3,2.8
2960,Maksym Cymbulak,Wisła Kraków,MID,1.2,ok,20.0,2.8,2.3,2.9,2.3,2.4,2.9,2.3,2.8
1603,Piotr Starzyński,Wisła Kraków,MID,1.5,ok,20.0,2.8,2.3,2.9,2.3,2.4,2.9,2.3,2.8
2876,Wiktor Staszak,Wisła Kraków,MID,1.0,ok,20.0,2.8,2.3,2.9,2.3,2.4,2.9,2.3,2.8
2641,Przemyslaw Misiak,Wisła Płock,DEF,1.5,ok,85.0,1.6,3.3,2.1,2.5,2.1,3.4,2.2,3.5
2517,Adam Basse,Raków Częstochowa,FWD,0.7,ok,20.0,2.7,2.5,2.7,2.3,2.7,2.6,2.2,2.7
1573,Antonio Milić,Wieczysta Kraków,DEF,1.9,ok,20.0,2.7,2.4,2.3,2.2,2.1,2.3,4.0,2.4
402,Arkadiusz Woźniak,Zagłębie Lubin,MID,1.7,ok,20.0,2.7,2.2,2.2,2.9,2.4,2.8,2.5,2.7
2736,Cyprian Popielec,Zagłębie Lubin,MID,0.7,ok,20.0,2.7,2.2,2.2,2.9,2.4,2.8,2.5,2.7
2827,Jakub Ligocki,Zagłębie Lubin,MID,0.7,ok,85.0,2.7,2.2,2.2,2.9,2.4,2.8,2.5,2.7
2957,Patryk Dziekoński,Zagłębie Lubin,MID,0.7,ok,20.0,2.7,2.2,2.2,2.9,2.4,2.8,2.5,2.7
2937,Paweł Kosmalski,Zagłębie Lubin,MID,1.2,ok,20.0,2.7,2.2,2.2,2.9,2.4,2.8,2.5,2.7
2828,Seweryn Marek,Zagłębie Lubin,MID,0.7,ok,20.0,2.7,2.2,2.2,2.9,2.4,2.8,2.5,2.7
2672,Florian Haxha,Motor Lublin,MID,1.8,ok,20.0,2.3,2.7,2.4,2.7,2.3,2.7,2.7,2.2
2530,Franciszek Lewandowski,Motor Lublin,MID,0.7,ok,20.0,2.3,2.7,2.4,2.7,2.3,2.7,2.7,2.2
2697,Kacper Szymanek,Motor Lublin,MID,1.2,ok,20.0,2.3,2.7,2.4,2.7,2.3,2.7,2.7,2.2
2970,Konrad Kraska,Motor Lublin,MID,0.7,ok,20.0,2.3,2.7,2.4,2.7,2.3,2.7,2.7,2.2
2923,Marcel Złomańczuk,Motor Lublin,MID,0.7,ok,20.0,2.3,2.7,2.4,2.7,2.3,2.7,2.7,2.2
1990,Fabian Hiszpański,Wisła Płock,MID,1.7,ok,20.0,2.3,2.6,2.4,2.4,2.4,2.7,2.4,2.7
2649,Jorge Jiménez,Wisła Płock,MID,1.8,ok,45.0,2.3,2.6,2.4,2.4,2.4,2.7,2.4,2.7
2949,Oskar Dari,Wisła Płock,MID,0.8,ok,20.0,2.3,2.6,2.4,2.4,2.4,2.7,2.4,2.7
2659,Marcel Łubik,Wisła Kraków,GK,1.8,ok,20.0,3.2,1.6,3.4,1.6,1.8,3.4,1.7,3.1
1373,Ben Lederman,Wieczysta Kraków,MID,1.7,ok,20.0,2.5,2.4,2.4,2.4,2.4,2.4,2.8,2.5
2905,Jacky Donkor,Wieczysta Kraków,MID,1.7,ok,20.0,2.5,2.4,2.4,2.4,2.4,2.4,2.8,2.5
2306,Tobiasz Mras,Wieczysta Kraków,MID,0.7,ok,20.0,2.5,2.4,2.4,2.4,2.4,2.4,2.8,2.5
1675,Filip Majchrowicz,Radomiak Radom,GK,1.8,ok,85.0,3.0,1.7,3.1,1.4,3.3,2.9,1.6,2.7
1194,Aleksander Paluszek,GKS Katowice,DEF,1.6,ok,20.0,1.8,3.6,3.3,2.0,3.3,1.8,1.8,2.0
1925,Gabriel Kobylak,GKS Katowice,GK,1.7,ok,20.0,1.8,3.6,3.3,2.0,3.3,1.8,1.8,2.0
1906,Maciej Kikolski,GKS Katowice,GK,1.7,ok,85.0,1.8,3.6,3.3,2.0,3.3,1.8,1.8,2.0
2855,Wojciech Pańkowski,GKS Katowice,GK,0.7,ok,20.0,1.8,3.6,3.3,2.0,3.3,1.8,1.8,2.0
2376,Łukasz Trepka,GKS Katowice,DEF,0.7,ok,20.0,1.8,3.6,3.3,2.0,3.3,1.8,1.8,2.0
2956,Kornel Toboła,Korona Kielce,FWD,0.7,ok,20.0,2.2,2.6,2.5,2.3,2.6,2.4,2.6,2.4
2925,Maciek Kucharski,Piast Gliwice,FWD,0.7,ok,20.0,2.4,2.6,2.2,2.6,2.5,2.4,2.5,2.4
2893,Adam Ciućka,Śląsk Wrocław,MID,0.7,ok,20.0,2.3,2.6,2.6,2.4,2.6,2.2,2.3,2.6
2889,Przemyslaw Mazan,Śląsk Wrocław,MID,0.7,ok,20.0,2.3,2.6,2.6,2.4,2.6,2.2,2.3,2.6
2792,Maciej Kuczyński,Jagiellonia Białystok,FWD,0.7,ok,20.0,2.6,2.4,2.6,2.6,2.2,2.2,2.7,2.3
2762,Youssuf Sylla,Jagiellonia Białystok,FWD,1.8,ok,20.0,2.6,2.4,2.6,2.6,2.2,2.2,2.7,2.3
2417,Filip Luberecki,Motor Lublin,DEF,1.7,ok,85.0,1.6,3.2,1.9,3.3,1.8,3.2,3.2,1.4
2789,Jakub Kokosiński,GKS Katowice,FWD,0.9,ok,20.0,2.3,2.6,2.6,2.4,2.6,2.3,2.3,2.4
2312,Patryk Paryzek,Pogoń Szczecin,FWD,1.7,ok,20.0,2.4,2.3,2.6,2.2,2.6,2.3,2.6,2.5
2637,Marcin Kamiński,Wisła Płock,DEF,1.9,ok,85.0,1.5,3.1,2.0,2.3,2.0,3.2,2.1,3.3
2640,Marcus Haglind-Sangré,Wisła Płock,DEF,1.8,ok,85.0,1.5,3.1,2.0,2.3,2.0,3.2,2.1,3.2
2786,Antoni Bałabuch,Górnik Zabrze,GK,0.7,ok,20.0,3.6,1.6,1.9,3.7,1.3,3.2,1.5,2.4
799,Paweł Bochniewicz,Górnik Zabrze,DEF,1.8,ok,45.0,3.6,1.6,1.9,3.7,1.3,3.2,1.5,2.4
2895,Philipp Schulze,Górnik Zabrze,GK,1.7,ok,85.0,3.6,1.6,1.9,3.7,1.3,3.2,1.5,2.4
2734,Piotr Pietryga,Górnik Zabrze,GK,0.7,ok,20.0,3.6,1.6,1.9,3.7,1.3,3.2,1.5,2.4
2600,Radosław Szafrański,Górnik Zabrze,DEF,0.7,ok,20.0,3.6,1.6,1.9,3.7,1.3,3.2,1.5,2.4
672,Tomasz Loska,Górnik Zabrze,GK,1.6,ok,45.0,3.6,1.6,1.9,3.7,1.3,3.2,1.5,2.4
195,Bartosz Bereszyński,Motor Lublin,DEF,1.9,ok,85.0,1.6,3.1,1.9,3.2,1.7,3.2,3.1,1.3
2898,Aleksandar Djermanovic,Wieczysta Kraków,DEF,1.7,ok,45.0,2.5,2.3,2.1,2.1,2.0,2.1,3.7,2.3
10,Kamil Pestka,Wieczysta Kraków,DEF,1.7,ok,85.0,2.5,2.3,2.1,2.1,2.0,2.1,3.7,2.3
2967,Jérémy Guillemenot,Wisła Kraków,FWD,2.0,ok,20.0,2.5,2.2,2.6,2.2,2.2,2.6,2.2,2.5
2833,Mihael Mlinarić,Zagłębie Lubin,FWD,1.8,ok,20.0,2.4,2.1,2.1,2.6,2.3,2.5,2.3,2.5
2929, Manu,Radomiak Radom,FWD,1.9,ok,20.0,2.4,2.2,2.5,2.1,2.5,2.4,2.2,2.4
2928,Fernand Gouré,Radomiak Radom,FWD,1.7,ok,20.0,2.4,2.2,2.5,2.1,2.5,2.4,2.2,2.4
374,Alan Uryga,Wisła Kraków,DEF,1.6,ok,20.0,3.1,1.4,3.3,1.4,1.6,3.3,1.5,3.0
1415,Bartosz Jaroch,Wisła Kraków,DEF,1.6,ok,20.0,3.1,1.4,3.3,1.4,1.6,3.3,1.5,3.0
2863,Jakub Stępak,Wisła Kraków,GK,0.7,ok,20.0,3.1,1.4,3.3,1.4,1.6,3.3,1.5,3.0
2868,Kacper Skrobański,Wisła Kraków,DEF,0.7,ok,20.0,3.1,1.4,3.3,1.4,1.6,3.3,1.5,3.0
2864,Patryk Letkiewicz,Wisła Kraków,GK,1.6,ok,85.0,3.1,1.4,3.3,1.4,1.6,3.3,1.5,3.0
2870,Rafał Mikulec,Wisła Kraków,DEF,1.6,ok,20.0,3.1,1.4,3.3,1.4,1.6,3.3,1.5,3.0
2872,Raoul Giger,Wisła Kraków,DEF,1.6,ok,85.0,3.1,1.4,3.3,1.4,1.6,3.3,1.5,3.0
1509,Bartłomiej Gradecki,Radomiak Radom,GK,1.5,ok,20.0,2.9,1.5,3.0,1.2,3.2,2.7,1.4,2.6
1635,Filip Koperski,Radomiak Radom,DEF,1.6,ok,20.0,2.9,1.5,3.0,1.2,3.2,2.7,1.4,2.6
950,Mateusz Cichocki,Radomiak Radom,DEF,1.7,ok,20.0,2.9,1.5,3.0,1.2,3.2,2.7,1.4,2.6
2948,Kacper Błaszkiewicz,Wisła Płock,FWD,0.9,ok,20.0,2.2,2.4,2.3,2.2,2.3,2.4,2.3,2.4
2944,Dominik Gregorski,Motor Lublin,FWD,1.0,ok,20.0,2.2,2.4,2.2,2.4,2.2,2.4,2.4,2.1
2701,Kacper Plichta,Motor Lublin,FWD,0.7,ok,20.0,2.2,2.4,2.2,2.4,2.2,2.4,2.4,2.1
88,Dawid Szymonowicz,Wieczysta Kraków,DEF,1.7,ok,85.0,2.4,2.1,2.0,2.0,1.9,2.0,3.5,2.1
1411,Rafał Leszczyński,Wisła Płock,GK,1.8,ok,85.0,1.5,2.8,1.9,2.1,1.9,2.9,2.0,2.9
130,Jasmin Burić,Zagłębie Lubin,GK,1.9,ok,85.0,2.8,1.2,1.2,3.3,1.7,3.0,1.9,2.9
23,Karol Niemczycki,Śląsk Wrocław,GK,1.8,ok,20.0,1.8,2.6,2.8,2.0,2.7,1.6,1.7,2.8
2669,Matus Vojtko,Wieczysta Kraków,DEF,1.7,ok,85.0,2.3,2.1,2.0,1.9,1.9,2.0,3.5,2.1
382,Dominik Hładun,Zagłębie Lubin,GK,1.7,ok,20.0,2.8,1.1,1.1,3.3,1.7,3.0,1.9,2.8
2958,Franciszek Nowak,Zagłębie Lubin,GK,0.7,ok,20.0,2.8,1.1,1.1,3.3,1.7,3.0,1.9,2.8
2829,Maciej Urbański,Zagłębie Lubin,DEF,0.7,ok,20.0,2.8,1.1,1.1,3.3,1.7,3.0,1.9,2.8
724,Zlatan Alomerović,Zagłębie Lubin,GK,1.8,ok,20.0,2.8,1.1,1.1,3.3,1.7,3.0,1.9,2.8
2845,Thomas Santos,Motor Lublin,DEF,1.7,ok,45.0,1.5,2.9,1.7,3.0,1.6,2.9,2.8,1.2
2768,Antonio Čolak,Legia Warszawa,FWD,1.8,ok,45.0,0.0,0.0,0.0,0.0,0.0,6.6,4.6,6.2
1015,Mariusz Malec,Śląsk Wrocław,DEF,1.7,ok,85.0,1.6,2.6,2.8,1.8,2.6,1.3,1.5,2.7
2897,Duje Dujmovic,Wieczysta Kraków,DEF,1.8,ok,20.0,2.2,2.0,1.9,1.8,1.8,1.9,3.3,2.0
2836,Marin Karamarko,Wisła Płock,DEF,1.7,ok,85.0,1.3,2.7,1.7,2.0,1.7,2.8,1.8,2.8
2922,Artem Akatov,Motor Lublin,DEF,0.9,ok,20.0,1.4,2.7,1.6,2.8,1.5,2.7,2.7,1.2
2531,Gašper Tratnik,Motor Lublin,GK,1.6,ok,85.0,1.4,2.7,1.6,2.8,1.5,2.7,2.7,1.2
2852,Krystian Brzozowski,Motor Lublin,DEF,0.7,ok,20.0,1.4,2.7,1.6,2.8,1.5,2.7,2.7,1.2
2700,Paskal Meyer,Motor Lublin,DEF,1.5,ok,85.0,1.4,2.7,1.6,2.8,1.5,2.7,2.7,1.2
2706,Patryk Kukulski,Motor Lublin,GK,0.7,ok,20.0,1.4,2.7,1.6,2.8,1.5,2.7,2.7,1.2
2114,Jakub Burek,Wisła Płock,GK,1.0,ok,45.0,1.3,2.6,1.7,1.9,1.7,2.7,1.8,2.7
2642,Marcin Więckowski,Wisła Płock,DEF,1.2,ok,20.0,1.3,2.6,1.7,1.9,1.7,2.7,1.8,2.7
2859,Nikodem Rogowski,Wisła Płock,DEF,0.7,ok,20.0,1.3,2.6,1.7,1.9,1.7,2.7,1.8,2.7
2950,Szymon Wadas,Wisła Płock,GK,0.7,ok,20.0,1.3,2.6,1.7,1.9,1.7,2.7,1.8,2.7
2884,Lamine Ba,Śląsk Wrocław,DEF,1.7,ok,85.0,1.5,2.5,2.6,1.7,2.5,1.2,1.4,2.6
2968,Adrian Żulewski,Śląsk Wrocław,DEF,0.7,ok,20.0,1.5,2.4,2.5,1.7,2.4,1.2,1.4,2.5
2261,Dominik Szala,Śląsk Wrocław,DEF,1.6,ok,20.0,1.5,2.4,2.5,1.7,2.4,1.2,1.4,2.5
2885,Marko Dijakovic,Śląsk Wrocław,DEF,1.6,ok,45.0,1.5,2.4,2.5,1.7,2.4,1.2,1.4,2.5
1493,Michał Szromnik,Śląsk Wrocław,GK,1.7,ok,85.0,1.5,2.4,2.5,1.7,2.4,1.2,1.4,2.5
2578,Szymon Rygiel,Śląsk Wrocław,DEF,0.9,ok,20.0,1.5,2.4,2.5,1.7,2.4,1.2,1.4,2.5
1831,Antoni Mikułko,Wieczysta Kraków,GK,1.7,ok,85.0,2.0,1.8,1.7,1.7,1.6,1.7,3.0,1.8
2899,Kacper Zagrodzki,Wieczysta Kraków,DEF,0.7,ok,20.0,2.0,1.8,1.7,1.7,1.6,1.7,3.0,1.8
2951,Nikola Čavlina,Wieczysta Kraków,GK,1.8,ok,20.0,2.0,1.8,1.7,1.7,1.6,1.7,3.0,1.8
2964,Patryk Stechnij,Wieczysta Kraków,GK,1.0,ok,20.0,2.0,1.8,1.7,1.7,1.6,1.7,3.0,1.8
705,Damian Rasak,GKS Katowice,MID,1.7,ok,45.0,0.0,0.0,0.0,0.0,0.0,2.6,2.6,2.7
2765,Kamil Jakóbczyk,Lech Poznań,FWD,0.7,ok,45.0,0.0,0.0,0.0,0.0,0.0,2.5,2.7,2.5
2126,Wiktor Bogacz,Cracovia,FWD,1.6,ok,45.0,0.0,0.0,0.0,0.0,0.0,2.4,2.6,2.4
2520,Mateusz Pomietło,Cracovia,MID,0.7,ok,20.0,0.0,0.0,0.0,0.0,0.0,0.0,0.0,0.0
1435,Rafał Strączek,GKS Katowice,GK,1.9,ok,45.0,0.0,0.0,0.0,0.0,0.0,0.0,0.0,0.0
2548,Abbati Abdullahi,Górnik Zabrze,MID,1.7,ok,20.0,0.0,0.0,0.0,0.0,0.0,0.0,0.0,0.0
1146,Aleksander Buksa,Górnik Zabrze,FWD,1.5,ok,20.0,0.0,0.0,0.0,0.0,0.0,0.0,0.0,0.0
395,Jarosław Kubicki,Górnik Zabrze,MID,1.9,ok,45.0,0.0,0.0,0.0,0.0,0.0,0.0,0.0,0.0
2812,Mathias Dahl Sauer,Górnik Zabrze,MID,1.8,ok,20.0,0.0,0.0,0.0,0.0,0.0,0.0,0.0,0.0
2914,Michał Synoś,Górnik Zabrze,DEF,1.5,ok,20.0,0.0,0.0,0.0,0.0,0.0,0.0,0.0,0.0
2915,Patryk Warczak,Górnik Zabrze,DEF,1.5,ok,20.0,0.0,0.0,0.0,0.0,0.0,0.0,0.0,0.0
2795,Bartłomiej Krasiewicz,Jagiellonia Białystok,DEF,0.7,ok,20.0,0.0,0.0,0.0,0.0,0.0,0.0,0.0,0.0
1029,Bartłomiej Żynel,Jagiellonia Białystok,GK,1.4,ok,20.0,0.0,0.0,0.0,0.0,0.0,0.0,0.0,0.0
1561,Szymon Pankiewicz,Jagiellonia Białystok,DEF,0.7,ok,20.0,0.0,0.0,0.0,0.0,0.0,0.0,0.0,0.0
2854,Adam Hańćko,Korona Kielce,MID,0.7,ok,20.0,0.0,0.0,0.0,0.0,0.0,0.0,0.0,0.0
2665,Jakub Budnicki,Korona Kielce,DEF,1.7,ok,20.0,0.0,0.0,0.0,0.0,0.0,0.0,0.0,0.0
2596,Jakub Kowalski,Korona Kielce,FWD,0.7,ok,20.0,0.0,0.0,0.0,0.0,0.0,0.0,0.0,0.0
2696,Mateusz Głowiński,Korona Kielce,FWD,0.7,ok,45.0,0.0,0.0,0.0,0.0,0.0,0.0,0.0,0.0
1994,Miłosz Strzeboński,Korona Kielce,MID,1.4,ok,20.0,0.0,0.0,0.0,0.0,0.0,0.0,0.0,0.0
1407,Radosław Seweryś,Korona Kielce,DEF,0.7,ok,20.0,0.0,0.0,0.0,0.0,0.0,0.0,0.0,0.0
2293,Radosław Turek,Korona Kielce,DEF,0.7,ok,20.0,0.0,0.0,0.0,0.0,0.0,0.0,0.0,0.0
2234,Ali Gholizadeh,Lech Poznań,MID,3.0,ok,45.0,0.0,0.0,0.0,0.0,0.0,0.0,0.0,0.0
2134,Bartosz Tomaszewski,Lech Poznań,DEF,0.7,ok,20.0,0.0,0.0,0.0,0.0,0.0,0.0,0.0,0.0
2791,Hubert Janyszka,Lech Poznań,DEF,0.7,ok,20.0,0.0,0.0,0.0,0.0,0.0,0.0,0.0,0.0
2488,Ian Hoffman,Lech Poznań,DEF,1.7,ok,20.0,0.0,0.0,0.0,0.0,0.0,0.0,0.0,0.0
1858,Jakub Antczak,Lech Poznań,MID,1.4,ok,20.0,0.0,0.0,0.0,0.0,0.0,0.0,0.0,0.0
2343,Kornel Lisman,Lech Poznań,MID,1.8,ok,20.0,0.0,0.0,0.0,0.0,0.0,0.0,0.0,0.0
1580,Patryk Konik,Legia Warszawa,DEF,0.7,ok,20.0,0.0,0.0,0.0,0.0,0.0,0.0,0.0,0.0
2579,Jakub Zawadzki,Pogoń Szczecin,DEF,0.7,ok,20.0,0.0,0.0,0.0,0.0,0.0,0.0,0.0,0.0
2751,Kacper Stanowski,Pogoń Szczecin,FWD,0.7,ok,20.0,0.0,0.0,0.0,0.0,0.0,0.0,0.0,0.0
2761,Rajmund Molnár,Pogoń Szczecin,FWD,1.9,ok,45.0,0.0,0.0,0.0,0.0,0.0,0.0,0.0,0.0
1440,Wojciech Lisowski,Pogoń Szczecin,DEF,1.6,ok,20.0,0.0,0.0,0.0,0.0,0.0,0.0,0.0,0.0
2824,Adam Żabicki,Radomiak Radom,MID,0.7,ok,20.0,0.0,0.0,0.0,0.0,0.0,0.0,0.0,0.0
2683,Alex Niziołek,Radomiak Radom,FWD,1.6,ok,20.0,0.0,0.0,0.0,0.0,0.0,0.0,0.0,0.0
2057,Józef Kolasa,Radomiak Radom,MID,0.7,ok,20.0,0.0,0.0,0.0,0.0,0.0,0.0,0.0,0.0
2256,Mikołaj Molendowski,Radomiak Radom,MID,0.7,ok,20.0,0.0,0.0,0.0,0.0,0.0,0.0,0.0,0.0
2969,Nicolas Dohojda,Radomiak Radom,MID,0.9,ok,20.0,0.0,0.0,0.0,0.0,0.0,0.0,0.0,0.0
2850,Oskar Markiewicz,Radomiak Radom,DEF,0.7,ok,20.0,0.0,0.0,0.0,0.0,0.0,0.0,0.0,0.0
2592,Szymon Kilianek,Radomiak Radom,DEF,0.7,ok,20.0,0.0,0.0,0.0,0.0,0.0,0.0,0.0,0.0
2684,Vasco Lopes,Radomiak Radom,MID,1.7,ok,20.0,0.0,0.0,0.0,0.0,0.0,0.0,0.0,0.0
2300,Wiktor Koptas,Radomiak Radom,GK,1.2,ok,20.0,0.0,0.0,0.0,0.0,0.0,0.0,0.0,0.0
2834,Jerzy Napieraj,Raków Częstochowa,DEF,0.9,ok,20.0,0.0,0.0,0.0,0.0,0.0,0.0,0.0,0.0
2348,Antoni Klukowski,Widzew Łódź,MID,1.2,ok,20.0,0.0,0.0,0.0,0.0,0.0,0.0,0.0,0.0
2524,Daniel Gryzio,Widzew Łódź,FWD,0.7,ok,20.0,0.0,0.0,0.0,0.0,0.0,0.0,0.0,0.0
2228,Filip Przybułek,Widzew Łódź,MID,0.7,ok,20.0,0.0,0.0,0.0,0.0,0.0,0.0,0.0,0.0
2802,Lukas Lerager,Widzew Łódź,MID,1.8,ok,45.0,0.0,0.0,0.0,0.0,0.0,0.0,0.0,0.0
1739,Mikołaj Biegański,Widzew Łódź,GK,1.5,ok,20.0,0.0,0.0,0.0,0.0,0.0,0.0,0.0,0.0
2799,Osman Bukari,Widzew Łódź,MID,2.0,ok,20.0,0.0,0.0,0.0,0.0,0.0,0.0,0.0,0.0
1737,Szymon Czyż,Widzew Łódź,MID,1.7,ok,45.0,0.0,0.0,0.0,0.0,0.0,0.0,0.0,0.0
2896,Antoni Kustra,Wieczysta Kraków,GK,0.7,ok,20.0,0.0,0.0,0.0,0.0,0.0,0.0,0.0,0.0
2946,Oliwier Pławiński,Wisła Kraków,MID,0.7,ok,20.0,0.0,0.0,0.0,0.0,0.0,0.0,0.0,0.0
2882,Szymon Kawała,Wisła Kraków,FWD,0.9,ok,20.0,0.0,0.0,0.0,0.0,0.0,0.0,0.0,0.0
2653,Adrian Bielka,Wisła Płock,MID,0.8,ok,20.0,0.0,0.0,0.0,0.0,0.0,0.0,0.0,0.0
1369,Aleksander Pawlak,Wisła Płock,MID,1.4,ok,20.0,0.0,0.0,0.0,0.0,0.0,0.0,0.0,0.0
2638,Aleksandre Kalandadze,Wisła Płock,DEF,1.6,ok,20.0,0.0,0.0,0.0,0.0,0.0,0.0,0.0,0.0
2643,Filip Zając,Wisła Płock,DEF,0.7,ok,20.0,0.0,0.0,0.0,0.0,0.0,0.0,0.0,0.0
2644,Filip Łodziński,Wisła Płock,MID,1.0,ok,20.0,0.0,0.0,0.0,0.0,0.0,0.0,0.0,0.0
2648,Jakub Lejman,Wisła Płock,MID,0.7,ok,20.0,0.0,0.0,0.0,0.0,0.0,0.0,0.0,0.0
2647,Jakub Serwach,Wisła Płock,MID,1.2,ok,20.0,0.0,0.0,0.0,0.0,0.0,0.0,0.0,0.0
2935,Jurica Pršir,Wisła Płock,MID,1.9,ok,20.0,0.0,0.0,0.0,0.0,0.0,0.0,0.0,0.0
2788,Mateusz Leśniewski,Wisła Płock,MID,0.7,ok,20.0,0.0,0.0,0.0,0.0,0.0,0.0,0.0,0.0
2803,Matwiej Bochno,Wisła Płock,DEF,1.4,ok,20.0,0.0,0.0,0.0,0.0,0.0,0.0,0.0,0.0
2007,Michał Matys,Zagłębie Lubin,GK,0.7,ok,20.0,0.0,0.0,0.0,0.0,0.0,0.0,0.0,0.0
2938,Szymon Łyczko,Zagłębie Lubin,MID,1.5,ok,20.0,0.0,0.0,0.0,0.0,0.0,0.0,0.0,0.0
2692,Wojciech Szafranek,Zagłębie Lubin,FWD,0.9,ok,20.0,0.0,0.0,0.0,0.0,0.0,0.0,0.0,0.0
2304,Bartosz Głogowski,Śląsk Wrocław,GK,0.7,ok,20.0,0.0,0.0,0.0,0.0,0.0,0.0,0.0,0.0
2888,Dorian Markowski,Śląsk Wrocław,MID,0.7,ok,20.0,0.0,0.0,0.0,0.0,0.0,0.0,0.0,0.0
2518,Yegor Sharabura,Śląsk Wrocław,MID,0.7,ok,20.0,0.0,0.0,0.0,0.0,0.0,0.0,0.0,0.0
