,,,,,,,Playing Time,,,,Performance,,,,,,,,Per 90 Minutes,,,,
Rk,Player,Nation,Pos,Squad,Age,Born,MP,Starts,Min,90s?,Gls,Ast,G+A,G-PK,PK,PKatt,CrdY,CrdR,Gls,Ast,G+A,G-PK,G+A-PK
1,Xavier Dziekonski,pl POL,GK,Korona Kielce,21,2003,34,34,"3,060",34,0,0,0,0,0,0,0,0,0,0,0,0,0
2,Filip Majchrowicz,pl POL,GK,Radomiak,25,2000,34,34,"3,060",34,0,1,1,0,0,0,2,0,0,0.03,0.03,0,0.03
3,Marcin Kami?ski,pl POL,DF,Wis?a P?ock,33,1992,34,34,"3,003",33.4,3,0,3,3,0,0,1,0,0.09,0,0.09,0.09,0.09
4,Bartosz Nowak,pl POL,"FW,MF",Katowice,31,1993,34,34,"3,001",33.3,9,12,21,9,0,0,1,0,0.27,0.36,0.63,0.27,0.63
5,Marcus Haglind-Sangré,se SWE,DF,Wis?a P?ock,30,1995,33,33,"2,970",33,0,2,2,0,0,0,4,0,0,0.06,0.06,0,0.06
6,Arkadiusz J?drych,pl POL,DF,Katowice,33,1992,33,33,"2,970",33,6,0,6,5,1,1,5,0,0.18,0,0.18,0.15,0.15
7,Rafa? Leszczy?ski,pl POL,GK,Wis?a P?ock,33,1992,33,33,"2,970",33,0,0,0,0,0,0,4,0,0,0,0,0,0
8,Bartosz Mrozek,pl POL,GK,Lech Pozna?,25,2000,33,33,"2,970",33,0,0,0,0,0,0,2,0,0,0,0,0,0
9,Micha? Marcjanik,pl POL,DF,Arka Gdynia,30,1994,33,33,"2,943",32.7,2,0,2,2,0,0,4,0,0.06,0,0.06,0.06,0.06
10,Marcin Wasielewski,pl POL,MF,Katowice,30,1994,33,33,"2,933",32.6,2,4,6,2,0,0,7,0,0.06,0.12,0.18,0.06,0.18
11,Marcel ?ubik,pl POL,GK,Górnik Zabrze,21,2004,33,33,"2,936",32.6,0,0,0,0,0,0,0,0,0,0,0,0,0
12,Jan Grzesik,pl POL,"DF,MF",Radomiak,30,1994,34,33,"2,921",32.5,7,5,12,7,0,0,2,0,0.22,0.15,0.37,0.22,0.37
13,Patryk Dziczek,pl POL,MF,Piast Gliwice,27,1998,32,32,"2,880",32,4,3,7,2,2,4,8,0,0.12,0.09,0.22,0.06,0.16
14,Tamar Svetlin,si SVN,MF,Korona Kielce,24,2001,33,33,"2,882",32,1,1,2,1,0,0,5,0,0.03,0.03,0.06,0.03,0.06
15,Patrik Hellebrand,cz CZE,MF,Górnik Zabrze,26,1999,33,33,"2,859",31.8,4,1,5,4,0,0,7,0,0.13,0.03,0.16,0.13,0.16
16,Bartosz Wolski,pl POL,MF,Motor Lublin,28,1997,34,34,"2,855",31.7,6,6,12,6,0,1,2,0,0.19,0.19,0.38,0.19,0.38
17,Jesús Imaz,es ESP,"MF,FW",Jagiellonia,34,1990,33,32,"2,784",30.9,13,6,19,13,0,0,5,0,0.42,0.19,0.61,0.42,0.61
18,Rafa? Janicki,pl POL,DF,Górnik Zabrze,33,1992,31,31,"2,783",30.9,4,0,4,2,2,2,5,0,0.13,0,0.13,0.06,0.06
19,Valentin Cojocaru,ro ROU,GK,Pogo? Szczecin,29,1995,31,31,"2,774",30.8,0,0,0,0,0,0,4,0,0,0,0,0,0
20,Rifet Kapi?,ba BIH,MF,Lechia Gda?sk,30,1995,32,32,"2,767",30.7,5,3,8,4,1,2,8,0,0.16,0.1,0.26,0.13,0.23
21,Matúš Vojtko,sk SVK,DF,Lechia Gda?sk,24,2000,31,31,"2,765",30.7,1,3,4,1,0,0,6,0,0.03,0.1,0.13,0.03,0.13
22,Maciej Ambrosiewicz,pl POL,MF,Nieciecza,27,1998,33,32,"2,755",30.6,1,2,3,0,1,1,8,1,0.03,0.07,0.1,0,0.07
23,Oskar Wójcik,pl POL,DF,Cracovia,22,2003,31,31,"2,749",30.5,0,0,0,0,0,0,10,1,0,0,0,0,0
24,Fredrik Ulvestad,no NOR,MF,Pogo? Szczecin,33,1992,32,30,"2,717",30.2,5,3,8,2,3,3,3,0,0.17,0.1,0.26,0.07,0.17
25,S?awomir Abramowicz,pl POL,GK,Jagiellonia,21,2004,30,30,"2,700",30,0,0,0,0,0,0,1,0,0,0,0,0,0
26,Erik Janža,si SVN,DF,Górnik Zabrze,32,1993,32,31,"2,702",30,4,2,6,4,0,0,3,0,0.13,0.07,0.2,0.13,0.2
27,Sebastian Madejski,pl POL,GK,Cracovia,28,1997,30,30,"2,700",30,0,0,0,0,0,0,2,0,0,0,0,0,0
28,Camilo Mena,co COL,MF,Lechia Gda?sk,22,2002,31,31,"2,698",30,5,8,13,4,1,1,6,0,0.17,0.27,0.43,0.13,0.4
29,Ivan Zhelizko,ua UKR,MF,Lechia Gda?sk,24,2001,30,30,"2,696",30,7,5,12,7,0,0,10,1,0.23,0.17,0.4,0.23,0.4
30,Micha? Nalepa,pl POL,DF,Zag??bie Lubin,32,1993,31,30,"2,660",29.6,2,1,3,2,0,0,8,1,0.07,0.03,0.1,0.07,0.1
31,Juljan Shehu,al ALB,MF,Widzew ?ód?,26,1998,32,31,"2,660",29.6,4,3,7,4,0,0,11,1,0.14,0.1,0.24,0.14,0.24
32,Josema,es ESP,DF,Górnik Zabrze,29,1996,31,31,"2,653",29.5,0,0,0,0,0,0,3,0,0,0,0,0,0
33,Filip Luberecki,pl POL,DF,Motor Lublin,20,2005,31,29,"2,615",29.1,0,1,1,0,0,0,5,0,0,0.03,0.03,0,0.03
34,Wiktor Nowak,pl POL,"MF,FW",Wis?a P?ock,20,2004,32,29,"2,598",28.9,4,1,5,4,0,0,7,0,0.14,0.03,0.17,0.14,0.17
35,Sebastian Kerk,de GER,"MF,FW",Arka Gdynia,31,1994,33,31,"2,568",28.5,4,7,11,4,0,0,3,0,0.14,0.25,0.39,0.14,0.39
36,Bogdan Racovitan,ro ROU,DF,Raków,25,2000,30,30,"2,546",28.3,0,1,1,0,0,0,1,0,0,0.04,0.04,0,0.04
37,Karol Czubak,pl POL,FW,Motor Lublin,25,2000,32,31,"2,542",28.2,18,3,21,15,3,3,3,1,0.64,0.11,0.74,0.53,0.64
38,Gustav Henriksson,se SWE,DF,Cracovia,27,1998,29,29,"2,534",28.2,1,1,2,1,0,0,8,0,0.04,0.04,0.07,0.04,0.07
39,Filip Kocaba,pl POL,"MF,DF",Zag??bie Lubin,20,2004,31,30,"2,533",28.1,2,1,3,2,0,0,5,0,0.07,0.04,0.11,0.07,0.11
40,Antoni Kozubal,pl POL,MF,Lech Pozna?,20,2004,32,30,"2,532",28.1,1,1,2,1,0,0,6,0,0.04,0.04,0.07,0.04,0.07
41,Kamil Jakubczyk,pl POL,MF,Arka Gdynia,20,2004,31,28,"2,516",28,2,1,3,2,0,0,9,0,0.07,0.04,0.11,0.07,0.11
42,Adrián Diéguez,es ESP,DF,Radomiak,29,1996,28,28,"2,509",27.9,1,2,3,1,0,0,10,0,0.04,0.07,0.11,0.04,0.11
43,Amir Al Ammari,iq IRQ,MF,Cracovia,28,1997,33,29,"2,501",27.8,1,4,5,1,0,0,3,1,0.04,0.14,0.18,0.04,0.18
44,Taras Romanchuk,pl POL,MF,Jagiellonia,33,1991,32,26,"2,474",27.5,3,0,3,3,0,0,8,0,0.11,0,0.11,0.11,0.11
45,Dominik Kun,pl POL,MF,Wis?a P?ock,32,1993,33,27,"2,463",27.4,0,4,4,0,0,0,1,0,0,0.15,0.15,0,0.15
46,Costas Soteriou,cy CYP,DF,Korona Kielce,29,1996,29,28,"2,463",27.4,5,2,7,5,0,0,2,1,0.18,0.07,0.26,0.18,0.26
47,Tomáš Bob?ek,sk SVK,FW,Lechia Gda?sk,23,2001,30,28,"2,456",27.3,20,6,26,16,4,5,5,0,0.73,0.22,0.95,0.59,0.81
48,Gabriel Isik,de GER,DF,Nieciecza,26,1999,29,26,"2,456",27.3,1,1,2,1,0,0,4,0,0.04,0.04,0.07,0.04,0.07
49,Jonatan Braut Brunes,no NOR,FW,Raków,24,2000,32,28,"2,451",27.2,16,0,16,12,4,4,2,0,0.59,0,0.59,0.44,0.44
50,Micha? Gurgul,pl POL,DF,Lech Pozna?,19,2006,31,27,"2,448",27.2,1,4,5,1,0,0,1,0,0.04,0.15,0.18,0.04,0.18
51,Ivo Rodrigues,pt POR,MF,Motor Lublin,30,1995,31,29,"2,442",27.1,2,4,6,2,0,0,8,0,0.07,0.15,0.22,0.07,0.22
52,Damian W?glarz,pl POL,GK,Arka Gdynia,29,1996,27,27,"2,430",27,0,0,0,0,0,0,0,0,0,0,0,0,0
53,Igor Drapinski,pl POL,DF,Piast Gliwice,21,2004,27,27,"2,421",26.9,2,3,5,2,0,0,7,0,0.07,0.11,0.19,0.07,0.19
54,Mikael Ishak,se SWE,FW,Lech Pozna?,32,1993,31,29,"2,419",26.9,16,5,21,11,5,6,4,0,0.6,0.19,0.78,0.41,0.6
55,Martin Remacle,be BEL,MF,Korona Kielce,28,1997,33,31,"2,421",26.9,3,1,4,2,1,1,5,0,0.11,0.04,0.15,0.07,0.11
56,Alejandro Pozo Pozo,es ESP,"MF,DF",Jagiellonia,26,1999,33,28,"2,414",26.8,2,4,6,2,0,0,4,0,0.07,0.15,0.22,0.07,0.22
57,Norbert Wojtuszek,pl POL,DF,Jagiellonia,23,2001,33,28,"2,411",26.8,1,2,3,1,0,0,3,0,0.04,0.07,0.11,0.04,0.11
58,Fran Álvarez,es ESP,"MF,FW",Widzew ?ód?,27,1998,31,28,"2,381",26.5,7,3,10,7,0,0,3,0,0.26,0.11,0.38,0.26,0.38
59,Juande,es ESP,DF,Piast Gliwice,26,1999,29,26,"2,389",26.5,4,1,5,4,0,0,5,0,0.15,0.04,0.19,0.15,0.19
60,Marcel Pi?czek,pl POL,"DF,MF",Korona Kielce,24,2000,32,26,"2,387",26.5,4,2,6,4,0,0,0,0,0.15,0.08,0.23,0.15,0.23
61,Ivan Brki?,hr CRO,GK,Motor Lublin,30,1995,27,27,"2,362",26.2,0,0,0,0,0,0,3,0,0,0,0,0,0
62,Stratos Svarnas,gr GRE,DF,Raków,27,1997,30,26,"2,361",26.2,1,1,2,1,0,0,5,0,0.04,0.04,0.08,0.04,0.08
63,Damian Hilbrycht,pl POL,MF,Nieciecza,27,1998,33,28,"2,345",26.1,5,5,10,5,0,0,6,0,0.19,0.19,0.38,0.19,0.38
64,Steve Kingue,cm CMR,DF,Radomiak,24,2001,27,26,"2,347",26.1,1,0,1,1,0,0,5,0,0.04,0,0.04,0.04,0.04
65,Joel Pereira,pt POR,DF,Lech Pozna?,28,1996,31,26,"2,347",26.1,2,5,7,2,0,0,2,0,0.08,0.19,0.27,0.08,0.27
66,Afimico Pululu,cd COD,FW,Jagiellonia,26,1999,33,26,"2,352",26.1,15,5,20,9,6,6,7,0,0.57,0.19,0.77,0.34,0.54
67,Sondre Liseth,no NOR,FW,Górnik Zabrze,27,1997,30,28,"2,341",26,8,1,9,8,0,0,2,0,0.31,0.04,0.35,0.31,0.35
68,Alan Czerwi?ski,pl POL,DF,Katowice,32,1993,29,28,"2,298",25.5,0,5,5,0,0,0,6,0,0,0.2,0.2,0,0.2
69,Matej Rodin,hr CRO,DF,Lechia Gda?sk,29,1996,26,26,"2,295",25.5,1,3,4,1,0,0,3,0,0.04,0.12,0.16,0.04,0.16
70,Mileta Rajovic,dk DEN,FW,Legia Warsaw,26,1999,32,24,"2,282",25.4,6,0,6,5,1,2,1,0,0.24,0,0.24,0.2,0.2
71,Bart?omiej Wdowik,pl POL,DF,Jagiellonia,24,2000,30,26,"2,287",25.4,0,4,4,0,0,0,3,0,0,0.16,0.16,0,0.16
72,Sebastian Bergier,pl POL,FW,Widzew ?ód?,25,1999,30,28,"2,278",25.3,14,4,18,10,4,4,5,1,0.55,0.16,0.71,0.4,0.55
73,Arkadiusz Kasparkiewicz,pl POL,DF,Nieciecza,30,1994,29,26,"2,278",25.3,2,1,3,2,0,0,7,1,0.08,0.04,0.12,0.08,0.12
74,Borja Galán,es ESP,MF,Katowice,32,1993,30,25,"2,269",25.2,3,3,6,3,0,0,5,0,0.12,0.12,0.24,0.12,0.24
75,Zié Mohamed Ouattara,ci CIV,DF,Radomiak,25,2000,32,24,"2,267",25.2,2,4,6,2,0,0,7,0,0.08,0.16,0.24,0.08,0.24
76,Oskar Repka,pl POL,MF,Raków,26,1999,32,24,"2,267",25.2,3,3,6,3,0,0,6,0,0.12,0.12,0.24,0.12,0.24
77,Kamil Pi?tkowski,pl POL,DF,Legia Warsaw,25,2000,26,26,"2,254",25,0,3,3,0,0,0,3,1,0,0.12,0.12,0,0.12
78,Žan Rogelj,si SVN,"MF,DF",Wis?a P?ock,25,1999,26,26,"2,247",25,3,1,4,3,0,0,4,0,0.12,0.04,0.16,0.12,0.16
79,Lukas Klemenz,pl POL,DF,Katowice,29,1995,28,25,"2,240",24.9,6,0,6,6,0,0,4,0,0.24,0,0.24,0.24,0.24
80,Bernardo Vital,pt POR,DF,Jagiellonia,24,2000,27,25,"2,210",24.6,3,1,4,3,0,0,7,0,0.12,0.04,0.16,0.12,0.16
81,Maurides,br BRA,FW,Radomiak,31,1994,34,25,"2,205",24.5,8,3,11,8,0,0,1,0,0.33,0.12,0.45,0.33,0.45
82,Grzegorz Tomasiewicz,pl POL,"MF,DF",Piast Gliwice,29,1996,31,29,"2,208",24.5,1,2,3,1,0,0,4,0,0.04,0.08,0.12,0.04,0.12
83,Jaros?aw Kubicki,pl POL,MF,Górnik Zabrze,29,1995,29,24,"2,192",24.4,3,4,7,3,0,0,1,0,0.12,0.16,0.29,0.12,0.29
84,Bosko Sutalo,hr CRO,DF,Cracovia,25,2000,27,24,"2,193",24.4,0,0,0,0,0,0,5,0,0,0,0,0,0
85,Mateusz Kowalczyk,pl POL,MF,Katowice,21,2004,28,27,"2,188",24.3,1,2,3,1,0,0,2,0,0.04,0.08,0.12,0.04,0.12
86,Daniel Pacheco,es ESP,MF,Wis?a P?ock,34,1991,31,26,"2,186",24.3,2,3,5,2,0,0,4,0,0.08,0.12,0.21,0.08,0.21
87,Mauro Perkovic,hr CRO,"MF,DF",Cracovia,22,2003,27,25,"2,188",24.3,4,1,5,4,0,0,2,1,0.16,0.04,0.21,0.16,0.21
88,Kamil Grosicki,pl POL,"FW,MF",Pogo? Szczecin,37,1988,31,25,"2,175",24.2,6,5,11,5,1,2,3,0,0.25,0.21,0.46,0.21,0.41
89,Rafa? Wolski,pl POL,MF,Radomiak,32,1992,30,27,"2,177",24.2,5,7,12,5,0,0,7,0,0.21,0.29,0.5,0.21,0.5
90,Ema Twumasi,gh GHA,DF,Piast Gliwice,28,1997,27,25,"2,166",24.1,1,0,1,1,0,0,9,1,0.04,0,0.04,0.04,0.04
91,Alex Paulsen,nz NZL,GK,Lechia Gda?sk,23,2002,24,24,"2,160",24,0,0,0,0,0,0,2,0,0,0,0,0,0
92,František Plach,sk SVK,GK,Piast Gliwice,33,1992,24,24,"2,160",24,0,0,0,0,0,0,1,0,0,0,0,0,0
93,Hervé Matthys,be BEL,DF,Motor Lublin,29,1996,26,24,"2,154",23.9,0,0,0,0,0,0,2,0,0,0,0,0,0
94,Marcel Regu?a,pl POL,"MF,FW",Zag??bie Lubin,18,2006,31,28,"2,139",23.8,5,3,8,5,0,1,7,1,0.21,0.13,0.34,0.21,0.34
95,Jakub Lewicki,pl POL,DF,Piast Gliwice,19,2005,26,24,"2,125",23.6,0,0,0,0,0,0,8,0,0,0,0,0,0
96,Mariusz Fornalczyk,pl POL,"MF,FW",Widzew ?ód?,22,2003,31,24,"2,105",23.4,1,3,4,1,0,0,8,0,0.04,0.13,0.17,0.04,0.17
97,Maksym Diachuk,ua UKR,DF,Lechia Gda?sk,22,2003,26,23,"2,097",23.3,1,1,2,1,0,0,4,0,0.04,0.04,0.09,0.04,0.09
98,Jasmin Buri?,ba BIH,GK,Zag??bie Lubin,38,1987,24,23,"2,084",23.2,0,0,0,0,0,0,3,0,0,0,0,0,0
99,Marek Bartoš,sk SVK,DF,Motor Lublin,28,1996,25,23,"2,070",23,1,1,2,1,0,0,5,0,0.04,0.04,0.09,0.04,0.09
100,Leo Bengtsson,se SWE,MF,Lech Pozna?,27,1998,33,26,"2,064",22.9,6,3,9,6,0,0,3,0,0.26,0.13,0.39,0.26,0.39
101,Wiktor D?ugosz,pl POL,"MF,FW",Korona Kielce,25,2000,26,24,"2,060",22.9,3,3,6,3,0,0,5,0,0.13,0.13,0.26,0.13,0.26
102,Paul Mukairu,ng NGA,"MF,FW",Pogo? Szczecin,25,2000,34,21,"2,060",22.9,8,0,8,8,0,0,1,0,0.35,0,0.35,0.35,0.35
103,Pau Resta,es ESP,DF,Korona Kielce,24,2000,24,23,"2,058",22.9,2,1,3,2,0,0,3,0,0.09,0.04,0.13,0.09,0.13
104,Dimitrios Keramitsis,gr GRE,DF,Pogo? Szczecin,21,2004,27,22,"2,039",22.7,1,1,2,1,0,0,5,0,0.04,0.04,0.09,0.04,0.09
105,Mateusz Klich,pl POL,MF,Cracovia,35,1990,27,23,"2,041",22.7,1,2,3,1,0,0,7,0,0.04,0.09,0.13,0.04,0.13
106,Ajdin Hasi?,ba BIH,"MF,FW",Cracovia,23,2001,27,24,"2,034",22.6,7,5,12,4,3,3,3,0,0.31,0.22,0.53,0.18,0.4
107,Linus Wahlqvist,se SWE,DF,Pogo? Szczecin,28,1996,24,24,"2,026",22.5,0,1,1,0,0,0,5,0,0,0.04,0.04,0,0.04
108,Antonio Mili?,hr CRO,DF,Lech Pozna?,31,1994,24,24,"1,989",22.1,2,1,3,2,0,0,5,0,0.09,0.05,0.14,0.09,0.14
109,Adrián Chovan,sk SVK,GK,Nieciecza,29,1995,22,22,"1,980",22,0,0,0,0,0,0,0,0,0,0,0,0,0
110,Marc Navarro,es ESP,"MF,DF",Arka Gdynia,30,1995,28,22,"1,978",22,2,4,6,2,0,0,4,0,0.09,0.18,0.27,0.09,0.27
111,Rafa? Str?czek,pl POL,GK,Katowice,26,1999,22,22,"1,980",22,0,0,0,0,0,0,2,0,0,0,0,0,0
112,Konrad Matuszewski,pl POL,MF,Korona Kielce,23,2001,27,23,"1,964",21.8,2,1,3,2,0,0,2,0,0.09,0.05,0.14,0.09,0.14
113,?ukasz Sekulski,pl POL,FW,Wis?a P?ock,34,1990,27,24,"1,966",21.8,8,1,9,5,3,4,5,0,0.37,0.05,0.41,0.23,0.27
114,Dawid Kocy?a,pl POL,"MF,FW",Arka Gdynia,23,2002,31,24,"1,956",21.7,3,0,3,3,0,0,2,0,0.14,0,0.14,0.14,0.14
115,Dominik Pi?a,pl POL,"MF,DF",Cracovia,24,2001,27,22,"1,950",21.7,0,1,1,0,0,0,6,0,0,0.05,0.05,0,0.05
116,Pawe? Wszo?ek,pl POL,"DF,MF",Legia Warsaw,33,1992,25,22,"1,943",21.6,2,1,3,1,1,1,4,0,0.09,0.05,0.14,0.05,0.09
117,Hierman Barko?ski,by BLR,FW,Piast Gliwice,23,2002,31,22,"1,937",21.5,4,1,5,3,1,2,1,0,0.19,0.05,0.23,0.14,0.19
118,Maksym Khlan,ua UKR,"MF,FW",Górnik Zabrze,22,2003,26,21,"1,929",21.4,6,4,10,6,0,0,2,0,0.28,0.19,0.47,0.28,0.47
119,Michael Ameyaw,pl POL,MF,Raków,24,2000,28,22,"1,918",21.3,3,5,8,3,0,0,0,0,0.14,0.23,0.38,0.14,0.38
120,Juergen Elitim,co COL,MF,Legia Warsaw,26,1999,25,21,"1,910",21.2,2,3,5,2,0,0,3,0,0.09,0.14,0.24,0.09,0.24
121,Pawe? Stolarski,pl POL,DF,Motor Lublin,29,1996,29,25,"1,901",21.1,0,0,0,0,0,0,4,0,0,0,0,0,0
122,Kacper Tobiasz,pl POL,GK,Legia Warsaw,22,2002,22,21,"1,896",21.1,0,0,0,0,0,0,0,0,0,0,0,0,0
123,Damian D?browski,pl POL,MF,Zag??bie Lubin,32,1992,25,22,"1,894",21,0,3,3,0,0,0,2,0,0,0.14,0.14,0,0.14
124,Fran Tudor,hr CRO,"DF,MF",Raków,29,1995,22,22,"1,886",21,0,0,0,0,0,0,5,1,0,0,0,0,0
125,Dawid B?anik,pl POL,"FW,MF",Korona Kielce,28,1997,27,24,"1,878",20.9,9,4,13,7,2,3,3,0,0.43,0.19,0.62,0.34,0.53
126,Jorge Félix,es ESP,"FW,MF",Piast Gliwice,33,1991,33,21,"1,884",20.9,4,3,7,3,1,1,0,0,0.19,0.14,0.33,0.14,0.29
127,Lukáš Ambros,cz CZE,MF,Górnik Zabrze,21,2004,26,23,"1,860",20.7,1,5,6,1,0,0,5,0,0.05,0.24,0.29,0.05,0.29
128,Marko Bulat,hr CRO,MF,Raków,23,2001,31,21,"1,860",20.7,4,3,7,4,0,0,3,0,0.19,0.15,0.34,0.19,0.34
129,Bartosz Kapustka,pl POL,MF,Legia Warsaw,28,1996,28,21,"1,866",20.7,2,2,4,1,1,1,6,0,0.1,0.1,0.19,0.05,0.14
130,Danijel Loncar,hr CRO,DF,Pogo? Szczecin,28,1997,28,21,"1,864",20.7,1,1,2,1,0,0,6,0,0.05,0.05,0.1,0.05,0.1
131,Krzysztof Kubica,pl POL,"MF,FW",Nieciecza,25,2000,25,22,"1,852",20.6,5,1,6,5,0,0,8,1,0.24,0.05,0.29,0.24,0.29
132,Mateusz ?yro,pl POL,DF,Widzew ?ód?,26,1998,25,21,"1,858",20.6,0,0,0,0,0,0,4,0,0,0,0,0,0
133,Quentin Lecoeuche,fr FRA,"MF,DF",Wis?a P?ock,31,1994,28,20,"1,841",20.5,0,0,0,0,0,0,2,0,0,0,0,0,0
134,Tomasz Neugebauer,pl POL,"MF,FW",Lechia Gda?sk,22,2003,32,20,"1,832",20.4,3,2,5,3,0,0,6,0,0.15,0.1,0.25,0.15,0.25
135,Damian Michalski,pl POL,DF,Zag??bie Lubin,27,1998,23,20,"1,829",20.3,1,0,1,1,0,0,3,0,0.05,0,0.05,0.05,0.05
136,Radovan Pankov,rs SRB,DF,Legia Warsaw,29,1995,22,19,"1,816",20.2,1,0,1,1,0,0,4,0,0.05,0,0.05,0.05,0.05
137,Leonardo Koutris,gr GRE,"DF,MF",Pogo? Szczecin,30,1995,33,20,"1,810",20.1,0,2,2,0,0,0,5,0,0,0.1,0.1,0,0.1
138,Josip ?orluka,ba BIH,"DF,MF",Zag??bie Lubin,30,1995,25,21,"1,796",20,1,1,2,1,0,0,1,0,0.05,0.05,0.1,0.05,0.1
139,Sergi Samper,es ESP,MF,Motor Lublin,30,1995,30,20,"1,791",19.9,0,2,2,0,0,0,5,0,0,0.1,0.1,0,0.1
140,Kacper Sezonienko,pl POL,"MF,FW",Lechia Gda?sk,22,2003,31,24,"1,789",19.9,5,3,8,5,0,0,4,0,0.25,0.15,0.4,0.25,0.4
141,Sebastian Milewski,pl POL,MF,Katowice,27,1998,24,20,"1,778",19.8,1,2,3,1,0,0,4,0,0.05,0.1,0.15,0.05,0.15
142,Kamil Zapolnik,pl POL,FW,Nieciecza,32,1992,26,20,"1,769",19.7,6,0,6,5,1,1,6,0,0.31,0,0.31,0.25,0.25
143,Marcel Krajewski,pl POL,"DF,MF",Widzew ?ód?,20,2004,26,18,"1,716",19.1,0,3,3,0,0,0,7,0,0,0.16,0.16,0,0.16
144,Leandro Sanca,gw GNB,"MF,FW",Piast Gliwice,25,2000,34,19,"1,716",19.1,3,5,8,3,0,0,0,0,0.16,0.26,0.42,0.16,0.42
145,Morgan Faßbender,de GER,"FW,MF",Nieciecza,26,1998,29,22,"1,710",19,3,1,4,3,0,0,0,0,0.16,0.05,0.21,0.16,0.21
146,Kike Hermoso,es ESP,DF,Arka Gdynia,25,1999,21,18,"1,713",19,1,2,3,1,0,0,4,0,0.05,0.11,0.16,0.05,0.16
147,Bartosz Kopacz,pl POL,DF,Nieciecza,33,1992,19,19,"1,710",19,0,0,0,0,0,0,4,0,0,0,0,0,0
148,Wojciech Mo?ka,pl POL,DF,Lech Pozna?,18,2007,19,19,"1,710",19,0,0,0,0,0,0,1,0,0,0,0,0,0
149,Ricardo Visus,es ESP,DF,Widzew ?ód?,24,2001,19,19,"1,709",19,0,0,0,0,0,0,6,0,0,0,0,0,0
150,Mateusz Skrzypczak,pl POL,DF,Lech Pozna?,24,2000,21,17,"1,704",18.9,1,0,1,1,0,0,2,0,0.05,0,0.05,0.05,0.05
151,Damian Szyma?ski,pl POL,MF,Legia Warsaw,30,1995,25,19,"1,690",18.8,1,0,1,1,0,0,7,0,0.05,0,0.05,0.05,0.05
152,Rafa? Augustyniak,pl POL,"DF,MF",Legia Warsaw,31,1993,24,19,"1,686",18.7,2,0,2,1,1,1,7,1,0.11,0,0.11,0.05,0.05
153,Aleksandar ?irkovi?,rs SRB,MF,Lechia Gda?sk,23,2001,24,19,"1,685",18.7,4,5,9,4,0,0,3,0,0.21,0.27,0.48,0.21,0.48
154,Jesús Jiménez,es ESP,"FW,MF",Nieciecza,31,1993,31,19,"1,686",18.7,5,2,7,3,2,2,1,0,0.27,0.11,0.37,0.16,0.27
155,Roman Yakuba,ua UKR,DF,Zag??bie Lubin,24,2001,22,19,"1,684",18.7,0,0,0,0,0,0,2,0,0,0,0,0,0
156,Dawid Gojny,pl POL,DF,Arka Gdynia,30,1994,22,18,"1,672",18.6,1,1,2,1,0,0,5,0,0.05,0.05,0.11,0.05,0.11
157,Luis Enrique Palma,hn HON,"MF,FW",Lech Pozna?,25,2000,31,18,"1,653",18.4,10,6,16,10,0,0,3,1,0.54,0.33,0.87,0.54,0.87
158,Filip Jagie??o,pl POL,"MF,FW",Lech Pozna?,27,1997,27,17,"1,658",18.4,1,4,5,1,0,0,2,0,0.05,0.22,0.27,0.05,0.27
159,Aurélien Nguiamba,fr FRA,MF,Arka Gdynia,26,1999,28,19,"1,659",18.4,0,0,0,0,0,0,6,1,0,0,0,0,0
160,Antonio Cortés,es ESP,"FW,MF",Korona Kielce,25,2000,29,20,"1,647",18.3,3,1,4,3,0,1,1,0,0.16,0.05,0.22,0.16,0.22
161,Oliwier Zych,pl POL,GK,Raków,21,2004,19,18,"1,644",18.3,0,0,0,0,0,0,0,0,0,0,0,0,0
162,Pablo Rodríguez,es ESP,"MF,FW",Lech Pozna?,23,2001,27,21,"1,637",18.2,3,1,4,3,0,0,5,1,0.16,0.05,0.22,0.16,0.22
163,Mbaye Jacques Ndiaye,sn SEN,"MF,FW",Motor Lublin,21,2003,24,19,"1,626",18.1,8,2,10,8,0,0,7,0,0.44,0.11,0.55,0.44,0.55
164,Radu Boboc,ro ROU,MF,Nieciecza,26,1999,27,17,"1,621",18,0,2,2,0,0,0,1,0,0,0.11,0.11,0,0.11
165,Andrias Edmundsson,fo FRO,DF,Wis?a P?ock,24,2000,18,18,"1,620",18,1,0,1,1,0,0,3,0,0.06,0,0.06,0.06,0.06
166,Martin Minchev,bg BUL,"FW,MF",Cracovia,24,2001,29,20,"1,622",18,4,1,5,4,0,0,4,0,0.22,0.06,0.28,0.22,0.28
167,Adam Radwa?ski,pl POL,MF,Zag??bie Lubin,27,1998,31,19,"1,619",18,4,6,10,3,1,1,6,0,0.22,0.33,0.56,0.17,0.5
168,Eduardo Espiau,es ESP,FW,Arka Gdynia,30,1994,29,17,"1,593",17.7,6,0,6,6,0,0,3,0,0.34,0,0.34,0.34,0.34
169,Luka Lu?i?,hr CRO,"DF,MF",Zag??bie Lubin,30,1995,24,17,"1,591",17.7,0,1,1,0,0,0,5,1,0,0.06,0.06,0,0.06
170,Mini,es ESP,MF,Nieciecza,26,1999,28,18,"1,595",17.7,2,2,4,2,0,0,4,0,0.11,0.11,0.23,0.11,0.23
171,Bartlomiej Smolarczyk,pl POL,DF,Korona Kielce,22,2003,19,17,"1,574",17.5,1,0,1,1,0,0,8,0,0.06,0,0.06,0.06,0.06
172,Vasco Lopes,cv CPV,MF,Radomiak,25,1999,31,20,"1,565",17.4,0,4,4,0,0,0,4,0,0,0.23,0.23,0,0.23
173,Tomasz Wójtowicz,pl POL,"DF,MF",Lechia Gda?sk,21,2003,22,20,"1,565",17.4,0,0,0,0,0,0,2,0,0,0,0,0,0
174,Maciej Wolski,pl POL,"MF,DF",Nieciecza,28,1997,19,18,"1,567",17.4,0,1,1,0,0,0,3,0,0,0.06,0.06,0,0.06
175,Fábio Conceição,pt POR,"MF,FW",Motor Lublin,24,2001,27,19,"1,537",17.1,4,3,7,4,0,0,2,0,0.23,0.18,0.41,0.23,0.41
176,Jakub Czerwi?ski,pl POL,DF,Piast Gliwice,33,1991,21,17,"1,523",16.9,0,0,0,0,0,0,4,0,0,0,0,0,0
177,Hugo Vallejo,es ESP,"MF,FW",Piast Gliwice,25,2000,27,18,"1,523",16.9,4,2,6,4,0,0,1,0,0.24,0.12,0.35,0.24,0.35
178,Aleks ?awniczak,pl POL,DF,Zag??bie Lubin,26,1999,17,17,"1,517",16.9,1,1,2,1,0,0,1,0,0.06,0.06,0.12,0.06,0.12
179,Filip Stojilkovi?,ch SUI,FW,Cracovia,25,2000,18,18,"1,516",16.8,7,2,9,7,0,0,3,0,0.42,0.12,0.53,0.42,0.53
180,Micha? Król,pl POL,"MF,FW",Motor Lublin,25,2000,26,18,"1,491",16.6,1,2,3,1,0,0,0,0,0.06,0.12,0.18,0.06,0.18
181,Mikkel Maigaard,dk DEN,"MF,FW",Cracovia,29,1995,18,18,"1,494",16.6,1,2,3,1,0,1,3,0,0.06,0.12,0.18,0.06,0.18
182,Pawe? Olkowski,pl POL,DF,Górnik Zabrze,35,1990,25,16,"1,491",16.6,0,1,1,0,0,0,0,0,0,0.06,0.06,0,0.06
183,Jean Carlos Silva Rocha,br BRA,MF,Raków,29,1996,22,17,"1,484",16.5,3,3,6,3,0,0,1,0,0.18,0.18,0.36,0.18,0.36
184,Adriano,br BRA,MF,Raków,23,2002,27,15,"1,438",16,1,3,4,1,0,0,7,1,0.06,0.19,0.25,0.06,0.25
185,Bartosz Mazurek,pl POL,MF,Jagiellonia,18,2007,23,15,"1,429",15.9,1,3,4,1,0,0,4,0,0.06,0.19,0.25,0.06,0.25
186,Patryk Makuch,pl POL,FW,Raków,26,1999,29,15,"1,411",15.7,4,1,5,4,0,0,1,0,0.26,0.06,0.32,0.26,0.32
187,Nemanja Mijuškovi?,me MNE,DF,Wis?a P?ock,33,1992,28,14,"1,417",15.7,0,0,0,0,0,1,7,0,0,0,0,0,0
188,Kacper Trelowski,pl POL,GK,Raków,21,2003,16,16,"1,416",15.7,0,0,0,0,0,0,0,0,0,0,0,0,0
189,Steve Kapuadi,cd COD,DF,Legia Warsaw,27,1998,16,15,"1,393",15.5,0,0,0,0,0,0,3,0,0,0,0,0,0
190,Samuel Kozlovský,sk SVK,DF,Widzew ?ód?,25,1999,21,15,"1,398",15.5,0,1,1,0,0,0,3,0,0,0.06,0.06,0,0.06
191,Christos Donis,gr GRE,MF,Radomiak,30,1994,27,15,"1,387",15.4,0,1,1,0,0,0,6,0,0,0.06,0.06,0,0.06
192,Mohamed Lamine Diaby,fr FRA,"FW,MF",Raków,24,2001,28,15,"1,385",15.4,7,4,11,6,1,1,3,0,0.45,0.26,0.71,0.39,0.65
193,Andy Pelmard,mg MAD,DF,Jagiellonia,25,2000,18,16,"1,390",15.4,0,0,0,0,0,0,4,0,0,0,0,0,0
194,Tomasz Pie?ko,pl POL,"MF,FW",Raków,21,2004,26,15,"1,384",15.4,2,2,4,2,0,0,0,0,0.13,0.13,0.26,0.13,0.26
195,Baena,es ESP,"MF,FW",Widzew ?ód?,24,2000,29,13,"1,351",15,2,1,3,2,0,0,5,0,0.13,0.07,0.2,0.13,0.2
196,Bart?omiej Dr?gowski,pl POL,GK,Widzew ?ód?,27,1997,15,15,"1,350",15,0,0,0,0,0,0,2,0,0,0,0,0,0
197,Przemys?aw Wi?niewski,pl POL,DF,Widzew ?ód?,27,1998,16,15,"1,351",15,0,1,1,0,0,0,3,0,0,0.07,0.07,0,0.07
198,Erik Jirka,sk SVK,"MF,FW",Piast Gliwice,27,1997,17,15,"1,341",14.9,5,0,5,4,1,1,3,0,0.34,0,0.34,0.27,0.27
199,Stelios Andreou,cy CYP,DF,Widzew ?ód?,23,2002,18,15,"1,313",14.6,0,0,0,0,0,0,2,0,0,0,0,0,0
200,Capita,ao ANG,MF,Radomiak,23,2002,20,17,"1,311",14.6,6,1,7,6,0,0,3,0,0.41,0.07,0.48,0.41,0.48
201,Igor Orlikowski,pl POL,DF,Zag??bie Lubin,19,2006,19,15,"1,310",14.6,0,1,1,0,0,0,3,1,0,0.07,0.07,0,0.07
202,Stjepan Davidovi?,hr CRO,"FW,MF",Korona Kielce,20,2005,29,12,"1,294",14.4,2,1,3,2,0,0,1,0,0.14,0.07,0.21,0.14,0.21
203,Luquinhas,br BRA,MF,Radomiak,28,1996,16,15,"1,299",14.4,1,0,1,1,0,0,4,0,0.07,0,0.07,0.07,0.07
204,Romário Baró,pt POR,MF,Radomiak,25,2000,25,15,"1,286",14.3,2,0,2,2,0,0,3,0,0.14,0,0.14,0.14,0.14
205,Igor Strza?ek,pl POL,"FW,MF",Nieciecza,21,2004,28,15,"1,290",14.3,1,1,2,1,0,0,1,0,0.07,0.07,0.14,0.07,0.14
206,Adam Zre?ák,sk SVK,FW,Katowice,31,1994,22,17,"1,290",14.3,3,1,4,3,0,0,3,0,0.21,0.07,0.28,0.21,0.28
207,Lucas Masoero,ar ARG,DF,Nieciecza,30,1995,19,13,"1,275",14.2,0,1,1,0,0,0,1,0,0,0.07,0.07,0,0.07
208,Lindon Selahi,al ALB,MF,Widzew ?ód?,26,1999,24,14,"1,275",14.2,1,0,1,1,0,0,2,0,0.07,0,0.07,0.07,0.07
209,Sam Greenwood,eng ENG,"MF,FW",Pogo? Szczecin,23,2002,20,16,"1,266",14.1,3,2,5,3,0,1,4,0,0.21,0.14,0.36,0.21,0.36
210,Michalis Kosidis,gr GRE,FW,Zag??bie Lubin,23,2002,34,12,"1,273",14.1,6,1,7,3,3,3,3,0,0.42,0.07,0.49,0.21,0.28
211,Dominick Zator,ca CAN,"DF,MF",Arka Gdynia,30,1994,19,14,"1,268",14.1,0,0,0,0,0,0,2,1,0,0,0,0,0
212,Jakub ?abojko,pl POL,MF,Motor Lublin,27,1997,29,14,"1,272",14.1,1,0,1,1,0,0,7,1,0.07,0,0.07,0.07,0.07
213,Ilya Shkurin,by BLR,FW,Katowice,25,1999,27,13,"1,264",14,5,2,7,5,0,0,2,0,0.36,0.14,0.5,0.36,0.5
214,Attila Szalai,hu HUN,DF,Pogo? Szczecin,27,1998,14,14,"1,260",14,0,0,0,0,0,0,2,0,0,0,0,0,0
215,Quentin Boisgard,fr FRA,"MF,FW",Piast Gliwice,28,1997,22,17,"1,252",13.9,2,0,2,2,0,0,6,1,0.14,0,0.14,0.14,0.14
216,Ibrahima Camará,gn GUI,MF,Radomiak,26,1999,23,13,"1,248",13.9,0,1,1,0,0,0,6,0,0,0.07,0.07,0,0.07
217,Jakub Kolan,pl POL,MF,Zag??bie Lubin,20,2004,19,14,"1,242",13.8,1,1,2,1,0,0,2,0,0.07,0.07,0.14,0.07,0.14
218,Emil Kornvig,dk DEN,"FW,MF",Widzew ?ód?,25,2000,15,14,"1,244",13.8,2,1,3,2,0,0,4,0,0.14,0.07,0.22,0.14,0.22
219,Patryk Kun,pl POL,"MF,DF",Legia Warsaw,30,1995,16,15,"1,241",13.8,0,1,1,0,0,0,2,0,0,0.07,0.07,0,0.07
220,Mariusz St?pi?ski,pl POL,FW,Korona Kielce,30,1995,15,15,"1,223",13.6,4,0,4,3,1,1,2,0,0.29,0,0.29,0.22,0.22
221,Arkadiusz Najemski,pl POL,DF,Motor Lublin,29,1996,17,13,"1,208",13.4,0,0,0,0,0,0,4,0,0,0,0,0,0
222,Abdoul-Fessal Tapsoba,bf BFA,"FW,MF",Radomiak,23,2001,31,12,"1,208",13.4,6,0,6,6,0,0,5,1,0.45,0,0.45,0.45,0.45
223,Leonardo Borges,br BRA,DF,Pogo? Szczecin,24,2001,20,12,"1,195",13.3,0,1,1,0,0,0,2,0,0,0.08,0.08,0,0.08
224,Bujar Pllana,al ALB,DF,Lechia Gda?sk,23,2001,17,13,"1,199",13.3,1,0,1,1,0,0,4,0,0.08,0,0.08,0.08,0.08
225,Marian Huja,pt POR,DF,Pogo? Szczecin,25,1999,15,13,"1,191",13.2,2,1,3,2,0,0,4,0,0.15,0.08,0.23,0.15,0.23
226,Nazariy Rusyn,ua UKR,"FW,MF",Arka Gdynia,26,1998,23,13,"1,181",13.1,4,0,4,4,0,0,4,0,0.3,0,0.3,0.3,0.3
227,Wahan Biczachczian,am ARM,"FW,MF",Legia Warsaw,26,1999,21,16,"1,174",13,2,1,3,2,0,0,1,0,0.15,0.08,0.23,0.15,0.23
228,Otto Hindrich,ro ROU,GK,Legia Warsaw,22,2002,13,13,"1,164",12.9,0,0,0,0,0,0,0,0,0,0,0,0,0
229,Bradly van Hoeven,nl NED,"MF,FW",Motor Lublin,25,2000,28,12,"1,165",12.9,0,4,4,0,0,0,1,0,0,0.31,0.31,0,0.31
230,Roberto Alves,ch SUI,MF,Radomiak,28,1997,23,11,"1,154",12.8,4,3,7,2,2,2,4,0,0.31,0.23,0.55,0.16,0.39
231,Jérémy Blasco,fr FRA,DF,Radomiak,26,1999,15,13,"1,149",12.8,1,0,1,1,0,0,1,1,0.08,0,0.08,0.08,0.08
232,Deni Juri?,au AUS,FW,Wis?a P?ock,27,1997,19,15,"1,154",12.8,5,0,5,5,0,0,1,0,0.39,0,0.39,0.39,0.39
233,Ermal Krasniqi,xk KVX,"MF,FW",Legia Warsaw,26,1998,25,13,"1,151",12.8,2,2,4,2,0,0,3,0,0.16,0.16,0.31,0.16,0.31
234,Karol Struski,pl POL,MF,Raków,24,2001,21,15,"1,149",12.8,0,1,1,0,0,0,3,1,0,0.08,0.08,0,0.08
235,Ousmane Sow,sn SEN,"MF,FW",Górnik Zabrze,25,2000,16,13,"1,143",12.7,7,2,9,7,0,1,2,0,0.55,0.16,0.71,0.55,0.71
236,Ali Gholizadeh,ir IRN,MF,Lech Pozna?,29,1996,19,13,"1,131",12.6,6,4,10,6,0,0,3,0,0.48,0.32,0.8,0.48,0.8
237,Eman Markovi?,no NOR,"FW,MF",Katowice,25,1999,25,13,"1,124",12.5,8,1,9,8,0,0,2,0,0.64,0.08,0.72,0.64,0.72
238,Timothy Ouma,ke KEN,MF,Lech Pozna?,21,2004,21,12,"1,104",12.3,0,1,1,0,0,0,5,1,0,0.08,0.08,0,0.08
239,Micha? Chrapek,pl POL,"MF,FW",Piast Gliwice,33,1992,26,10,"1,089",12.1,3,2,5,3,0,0,2,1,0.25,0.17,0.41,0.25,0.41
240,Artem Putivtsev,ua UKR,DF,Nieciecza,36,1988,18,12,"1,088",12.1,1,0,1,1,0,0,6,0,0.08,0,0.08,0.08,0.08
241,Dawid Kud?a,pl POL,GK,Katowice,33,1992,12,12,"1,080",12,0,0,0,0,0,0,2,0,0,0,0,0,0
242,Mi?osz Mleczko,pl POL,GK,Nieciecza,26,1999,12,12,"1,080",12,0,0,0,0,0,0,0,0,0,0,0,0,0
243,Lukáš Sadílek,cz CZE,MF,Górnik Zabrze,29,1996,15,13,"1,077",12,4,2,6,4,0,0,3,0,0.33,0.17,0.5,0.33,0.5
244,Alassane Sidibe,ci CIV,MF,Arka Gdynia,23,2002,21,13,"1,080",12,0,0,0,0,0,0,4,0,0,0,0,0,0
245,Rafa? Kurzawa,pl POL,"FW,MF",Nieciecza,32,1993,24,8,"1,074",11.9,4,0,4,4,0,0,5,0,0.34,0,0.34,0.34,0.34
246,Oskar Pietuszewski,pl POL,"MF,FW",Jagiellonia,17,2008,17,11,"1,073",11.9,3,1,4,3,0,0,2,0,0.25,0.08,0.34,0.25,0.34
247,Elves Baldé,gw GNB,MF,Radomiak,25,1999,27,12,"1,066",11.8,5,3,8,5,0,0,2,0,0.42,0.25,0.68,0.42,0.68
248,Robert Gumny,pl POL,DF,Lech Pozna?,27,1998,21,11,"1,059",11.8,0,0,0,0,0,0,5,0,0,0,0,0,0
249,Otar Kakabadze,ge GEO,"MF,FW",Cracovia,30,1995,13,13,"1,065",11.8,2,2,4,2,0,0,4,0,0.17,0.17,0.34,0.17,0.34
250,Kajetan Szmyt,pl POL,MF,Zag??bie Lubin,23,2002,18,11,"1,061",11.8,1,3,4,1,0,0,0,0,0.08,0.25,0.34,0.08,0.34
251,Musa Juwara,gm GAM,MF,Pogo? Szczecin,23,2001,18,11,"1,054",11.7,1,1,2,1,0,0,5,0,0.09,0.09,0.17,0.09,0.17
252,Filip Wójcik,pl POL,DF,Motor Lublin,28,1997,24,8,"1,054",11.7,0,1,1,0,0,0,2,0,0,0.09,0.09,0,0.09
253,Yuki Kobayashi,jp JPN,DF,Jagiellonia,25,2000,15,12,"1,041",11.6,1,0,1,1,0,0,5,0,0.09,0,0.09,0.09,0.09
254,Slobodan Rubeži?,me MNE,DF,Korona Kielce,25,2000,12,11,"1,035",11.5,0,1,1,0,0,0,2,0,0,0.09,0.09,0,0.09
255,Kacper Urbanski,pl POL,"MF,FW",Legia Warsaw,20,2004,21,11,"1,037",11.5,0,1,1,0,0,0,2,0,0,0.09,0.09,0,0.09
256,Vladislavs Gutkovskis,lv LVA,FW,Arka Gdynia,30,1995,16,13,"1,022",11.4,4,1,5,4,0,0,2,0,0.35,0.09,0.44,0.35,0.44
257,Dušan Stojinovi?,si SVN,DF,Jagiellonia,24,2000,13,11,"1,029",11.4,0,1,1,0,0,0,3,0,0,0.09,0.09,0,0.09
258,Jason Lokilo,be BEL,MF,Piast Gliwice,26,1998,21,12,"1,012",11.2,0,3,3,0,0,0,4,0,0,0.27,0.27,0,0.27
259,Nono,es ESP,"FW,MF",Korona Kielce,34,1991,26,12,"1,006",11.2,0,2,2,0,0,0,2,1,0,0.18,0.18,0,0.18
260,Kajetan Szmyt,pl POL,MF,Jagiellonia,23,2002,14,11,"1,008",11.2,2,0,2,2,0,0,1,0,0.18,0,0.18,0.18,0.18
261,Szymon Czy?,pl POL,MF,Widzew ?ód?,24,2001,18,10,"1,001",11.1,0,0,0,0,0,0,1,0,0,0,0,0,0
262,Mateusz Praszelik,pl POL,"MF,FW",Cracovia,24,2000,24,11,"1,000",11.1,2,0,2,2,0,0,4,0,0.18,0,0.18,0.18,0.18
263,Péter Baráth,hu HUN,MF,Raków,23,2002,15,10,993,11,1,0,1,1,0,0,3,0,0.09,0,0.09,0.09,0.09
264,Kevin Custovic,se SWE,"DF,MF",Wis?a P?ock,25,2000,25,9,984,10.9,0,1,1,0,0,0,0,0,0,0.09,0.09,0,0.09
265,José Pozo,es ESP,MF,Pogo? Szczecin,29,1996,19,12,981,10.9,2,1,3,2,0,0,4,0,0.18,0.09,0.28,0.18,0.28
266,Dominik H?adun,pl POL,GK,Zag??bie Lubin,29,1995,11,11,976,10.8,0,0,0,0,0,0,0,0,0,0,0,0,0
267,Bart?omiej K?udka,pl POL,DF,Lechia Gda?sk,23,2002,18,9,974,10.8,0,0,0,0,0,0,1,0,0,0,0,0,0
268,Oskar Lesniak,pl POL,"MF,FW",Piast Gliwice,20,2004,28,10,970,10.8,0,3,3,0,0,0,2,0,0,0.28,0.28,0,0.28
269,João Pedro,br BRA,"DF,MF",Radomiak,22,2003,16,10,966,10.7,0,1,1,0,0,0,4,0,0,0.09,0.09,0,0.09
270,Bohdan Viunnyk,ua UKR,"MF,FW",Lechia Gda?sk,23,2002,25,11,966,10.7,3,0,3,3,0,0,2,0,0.28,0,0.28,0.28,0.28
271,Hubert Zwozny,pl POL,MF,Korona Kielce,21,2003,19,11,967,10.7,0,0,0,0,0,0,2,0,0,0,0,0,0
272,Adrian Przyborek,pl POL,MF,Pogo? Szczecin,18,2007,17,11,952,10.6,2,2,4,2,0,0,0,0,0.19,0.19,0.38,0.19,0.38
273,Oskar Kubiak,pl POL,MF,Arka Gdynia,18,2006,14,12,949,10.5,3,1,4,3,0,0,1,0,0.28,0.09,0.38,0.28,0.38
274,Kacper Chodyna,pl POL,"MF,FW",Legia Warsaw,26,1999,16,9,923,10.3,2,1,3,2,0,0,3,0,0.2,0.1,0.29,0.2,0.29
275,Steve Kapuadi,cd COD,DF,Widzew ?ód?,27,1998,11,10,917,10.2,1,0,1,1,0,0,0,0,0.1,0,0.1,0.1,0.1
276,Arkadiusz Reca,pl POL,"DF,MF",Legia Warsaw,30,1995,20,9,906,10.1,0,1,1,0,0,0,2,0,0,0.1,0.1,0,0.1
277,Guilherme Serrão,pt POR,DF,Jagiellonia,21,2003,14,10,911,10.1,0,1,1,0,0,0,1,0,0,0.1,0.1,0,0.1
278,Brahim Traoré,fr FRA,DF,Cracovia,21,2004,14,10,907,10.1,0,0,0,0,0,0,4,0,0,0,0,0,0
279,Rúben Vinagre,pt POR,"DF,MF",Legia Warsaw,26,1999,15,10,909,10.1,0,1,1,0,0,0,0,0,0,0.1,0.1,0,0.1
280,Patrik Wålemark,se SWE,"FW,MF",Lech Pozna?,23,2001,17,11,907,10.1,2,1,3,2,0,0,1,0,0.2,0.1,0.3,0.2,0.3
281,Dawid Abramowicz,pl POL,"DF,MF",Arka Gdynia,34,1991,14,11,896,10,1,1,2,1,0,0,2,0,0.1,0.1,0.2,0.1,0.2
282,Rafa? Adamski,pl POL,"FW,MF",Legia Warsaw,23,2001,13,10,887,9.9,4,2,6,4,0,0,0,0,0.41,0.2,0.61,0.41,0.61
283,Micha? Kaput,pl POL,"MF,DF",Radomiak,27,1998,21,10,889,9.9,0,1,1,0,0,0,4,1,0,0.1,0.1,0,0.1
284,Jakub Sypek,pl POL,MF,Zag??bie Lubin,24,2001,30,7,894,9.9,3,3,6,3,0,0,5,0,0.3,0.3,0.6,0.3,0.6
285,Jan Biega?ski,pl POL,MF,Pogo? Szczecin,22,2002,18,10,880,9.8,0,0,0,0,0,0,3,0,0,0,0,0,0
286,Kryspin Szczesniak,pl POL,DF,Górnik Zabrze,24,2001,16,11,882,9.8,0,1,1,0,0,0,2,0,0,0.1,0.1,0,0.1
287,Ivi,es ESP,"MF,FW",Raków,31,1994,19,9,861,9.6,4,1,5,2,2,2,2,0,0.42,0.1,0.52,0.21,0.31
288,Mor Ndiaye,sn SEN,MF,Pogo? Szczecin,24,2000,17,9,868,9.6,1,0,1,1,0,0,3,0,0.1,0,0.1,0.1,0.1
289,Serafin Szota,pl POL,DF,Arka Gdynia,26,1999,10,10,864,9.6,0,0,0,0,0,0,1,0,0,0,0,0,0
290,Patryk Szysz,pl POL,"MF,FW",Arka Gdynia,27,1998,23,8,862,9.6,0,1,1,0,0,0,0,0,0,0.1,0.1,0,0.1
291,Märten Kuusk,ee EST,DF,Katowice,29,1996,15,9,853,9.5,0,0,0,0,0,0,2,0,0,0,0,0,0
292,Ariel Mosór,pl POL,DF,Raków,22,2003,11,10,854,9.5,0,0,0,0,0,0,3,0,0,0,0,0,0
293,Pau Sans,es ESP,MF,Cracovia,20,2004,14,11,852,9.5,1,0,1,1,0,0,3,0,0.11,0,0.11,0.11,0.11
294,Levente Szabo,hu HUN,FW,Zag??bie Lubin,26,1999,16,8,852,9.5,3,1,4,3,0,0,2,0,0.32,0.11,0.42,0.32,0.42
295,Mateusz Grzybek,pl POL,"DF,MF",Zag??bie Lubin,29,1996,14,10,850,9.4,3,0,3,3,0,0,3,0,0.32,0,0.32,0.32,0.32
296,Erik Jirka,sk SVK,MF,Katowice,27,1997,14,10,835,9.3,1,1,2,1,0,0,1,0,0.11,0.11,0.22,0.11,0.22
297,Leon Flach,us USA,MF,Jagiellonia,24,2001,20,10,827,9.2,1,0,1,1,0,0,3,0,0.11,0,0.11,0.11,0.11
298,Tolis Konstantopoulos,gr GRE,DF,Raków,22,2002,12,10,832,9.2,0,0,0,0,0,0,4,0,0,0,0,0,0
299,Dawid Drachal,pl POL,MF,Jagiellonia,20,2005,21,8,821,9.1,1,2,3,1,0,0,3,0,0.11,0.22,0.33,0.11,0.33
300,Dawid Kurminowski,pl POL,"FW,MF",Lechia Gda?sk,26,1999,23,7,823,9.1,3,1,4,3,0,0,2,0,0.33,0.11,0.44,0.33,0.44
301,Mads Agger,dk DEN,MF,Pogo? Szczecin,25,1999,12,9,812,9,1,0,1,1,0,0,0,0,0.11,0,0.11,0.11,0.11
302,Maciej Kikolski,pl POL,GK,Widzew ?ód?,21,2004,9,9,810,9,0,0,0,0,0,0,1,0,0,0,0,0,0
303,Szymon Weirauch,pl POL,GK,Lechia Gda?sk,21,2004,9,9,810,9,0,0,0,0,0,0,0,0,0,0,0,0,0
304,Giannis Niarchos,gr GRE,FW,Wis?a P?ock,23,2002,20,6,800,8.9,1,1,2,1,0,0,2,0,0.11,0.11,0.23,0.11,0.23
305,Mateusz Wdowiak,pl POL,"FW,MF",Katowice,28,1996,16,10,802,8.9,2,0,2,2,0,0,1,0,0.22,0,0.22,0.22,0.22
306,Zoran Arseni?,hr CRO,DF,Raków,31,1994,10,10,788,8.8,0,0,0,0,0,0,4,1,0,0,0,0,0
307,Leonardo Rocha,pt POR,FW,Zag??bie Lubin,28,1997,11,11,794,8.8,7,1,8,6,1,1,1,0,0.79,0.11,0.91,0.68,0.79
308,Kellyn Acosta,us USA,"MF,DF",Pogo? Szczecin,30,1995,11,10,785,8.7,1,1,2,1,0,0,2,1,0.11,0.11,0.23,0.11,0.23
309,Lukas Lerager,dk DEN,MF,Widzew ?ód?,32,1993,10,9,782,8.7,1,0,1,1,0,0,2,0,0.12,0,0.12,0.12,0.12
310,Andrzej Trubeha,pl POL,FW,Nieciecza,27,1997,21,7,783,8.7,2,0,2,2,0,0,2,0,0.23,0,0.23,0.23,0.23
311,Samuel Akere,ng NGA,"MF,FW",Widzew ?ód?,21,2004,15,11,778,8.6,1,1,2,1,0,0,3,0,0.12,0.12,0.23,0.12,0.23
312,Filip Borowski,pl POL,DF,Piast Gliwice,21,2003,14,8,778,8.6,1,0,1,1,0,0,2,0,0.12,0,0.12,0.12,0.12
313,Tornike Gaprindashvili,ge GEO,"MF,FW",Arka Gdynia,28,1997,17,7,770,8.6,0,1,1,0,0,0,4,0,0,0.12,0.12,0,0.12
314,Taofeek Ismaheel,ng NGA,MF,Lech Pozna?,25,2000,21,9,774,8.6,1,1,2,1,0,0,2,0,0.12,0.12,0.23,0.12,0.23
315,Wojciech Urbanski,pl POL,"MF,FW",Legia Warsaw,20,2005,21,8,773,8.6,1,0,1,1,0,0,4,0,0.12,0,0.12,0.12,0.12
316,Andi Zeqiri,ch SUI,FW,Widzew ?ód?,26,1999,24,6,762,8.5,1,2,3,1,0,0,5,0,0.12,0.24,0.35,0.12,0.35
317,Marcel W?drychowski,pl POL,FW,Katowice,23,2002,28,5,754,8.4,2,1,3,2,0,0,1,0,0.24,0.12,0.36,0.24,0.36
318,Rajmund Molnár,hu HUN,FW,Pogo? Szczecin,22,2002,10,9,738,8.2,3,0,3,3,0,0,0,0,0.37,0,0.37,0.37,0.37
319,Michal Sá?ek,cz CZE,DF,Górnik Zabrze,28,1996,12,8,739,8.2,0,0,0,0,0,0,1,0,0,0,0,0,0
320,Veljko Ilic,rs SRB,GK,Widzew ?ód?,22,2003,8,8,720,8,0,0,0,0,0,0,1,0,0,0,0,0,0
321,Iván Salvador,gq EQG,FW,Wis?a P?ock,29,1995,17,7,708,7.9,2,0,2,2,0,0,9,0,0.25,0,0.25,0.25,0.25
322,Yvan Ikia Dimi,fr FRA,"FW,MF",Górnik Zabrze,20,2004,13,9,702,7.8,1,1,2,1,0,0,2,0,0.13,0.13,0.26,0.13,0.26
323,Gašper Tratnik,si SVN,GK,Motor Lublin,25,2000,8,7,698,7.8,0,0,0,0,0,0,0,0,0,0,0,0,0
324,Julien Celestine,fr FRA,DF,Arka Gdynia,28,1997,8,8,675,7.5,0,0,0,0,0,0,5,0,0,0,0,0,0
325,Kamil Jó?wiak,pl POL,MF,Jagiellonia,27,1998,13,8,673,7.5,0,0,0,0,0,0,4,0,0,0,0,0,0
326,Dion Gallapeni,xk KVX,"MF,DF",Wis?a P?ock,20,2004,10,9,664,7.4,0,3,3,0,0,0,1,0,0,0.41,0.41,0,0.41
327,Vladimir Nikolov,bg BUL,FW,Korona Kielce,24,2001,25,4,667,7.4,0,1,1,0,0,0,6,0,0,0.13,0.13,0,0.13
328,Petar Stojanovi?,si SVN,"MF,DF",Legia Warsaw,29,1995,14,8,666,7.4,1,1,2,1,0,0,5,0,0.14,0.14,0.27,0.14,0.27
329,Kacper Lukasiak,pl POL,MF,Katowice,21,2003,12,7,658,7.3,0,0,0,0,0,0,0,0,0,0,0,0,0
330,Jesse Bosch,nl NED,MF,Katowice,25,2000,11,8,651,7.2,0,0,0,0,0,0,3,0,0,0,0,0,0
331,Filip ?ui?,ba BIH,FW,Pogo? Szczecin,22,2003,10,6,651,7.2,4,0,4,4,0,0,1,0,0.55,0,0.55,0.55,0.55
332,Dion Gallapeni,xk KVX,DF,Widzew ?ód?,20,2004,10,7,652,7.2,1,0,1,1,0,0,4,1,0.14,0,0.14,0.14,0.14
333,Dijon Kameri,at AUT,"MF,FW",Cracovia,21,2004,22,4,647,7.2,2,1,3,2,0,0,1,0,0.28,0.14,0.42,0.28,0.42
334,Matías Nahuel,es ESP,"MF,FW",Jagiellonia,28,1996,16,7,644,7.2,0,1,1,0,0,0,1,0,0,0.14,0.14,0,0.14
335,Damian Rasak,pl POL,MF,Katowice,29,1996,14,5,647,7.2,0,0,0,0,0,0,2,0,0,0,0,0,0
336,Christopher Cheng,no NOR,"DF,MF",Widzew ?ód?,23,2001,9,8,643,7.1,0,0,0,0,0,0,0,0,0,0,0,0,0
337,Matchoi Djaló,pt POR,"MF,FW",Wis?a P?ock,22,2003,18,6,639,7.1,0,1,1,0,0,0,0,0,0,0.14,0.14,0,0.14
338,Simon Gustafson,se SWE,MF,Korona Kielce,30,1995,14,6,641,7.1,0,0,0,0,0,0,1,0,0,0,0,0,0
339,Mi?osz Matysik,pl POL,DF,Nieciecza,21,2004,11,9,637,7.1,0,0,0,0,0,0,2,0,0,0,0,0,0
340,Tomás Tavares,pt POR,MF,Wis?a P?ock,24,2001,13,7,638,7.1,0,0,0,0,0,0,1,0,0,0,0,0,0
341,J?drzej Grobelny,pl POL,GK,Arka Gdynia,24,2001,7,7,630,7,0,0,0,0,0,0,1,0,0,0,0,0,0
342,Matúš Kme?,sk SVK,"DF,MF",Górnik Zabrze,25,2000,13,7,632,7,0,0,0,0,0,0,0,0,0,0,0,0,0
343,Alvis Jaunzems,lv LVA,DF,Lechia Gda?sk,26,1999,9,7,621,6.9,0,1,1,0,0,0,0,0,0,0.14,0.14,0,0.14
344,Kahveh Zahiroleslam,us USA,FW,Cracovia,23,2002,23,6,622,6.9,3,0,3,3,0,0,1,0,0.43,0,0.43,0.43,0.43
345,Carlos Isaac,es ESP,DF,Widzew ?ód?,27,1998,11,7,610,6.8,1,0,1,1,0,0,2,0,0.15,0,0.15,0.15,0.15
346,Mathieu Scalet,fr FRA,MF,Motor Lublin,28,1997,20,4,612,6.8,2,0,2,2,0,0,2,0,0.29,0,0.29,0.29,0.29
347,Yannick Agnero,ci CIV,FW,Lech Pozna?,22,2003,27,4,603,6.7,3,0,3,3,0,0,1,0,0.45,0,0.45,0.45,0.45
348,Adrian B??d,pl POL,FW,Katowice,34,1991,21,6,607,6.7,0,0,0,0,0,0,2,0,0,0,0,0,0
349,Bright Ede,pl POL,DF,Motor Lublin,18,2007,11,7,600,6.7,0,0,0,0,0,0,7,0,0,0,0,0,0
350,Sergio Lozano,es ESP,MF,Jagiellonia,26,1999,14,8,607,6.7,3,2,5,3,0,0,0,0,0.44,0.3,0.74,0.44,0.74
351,João Moutinho,pt POR,DF,Lech Pozna?,27,1998,12,7,600,6.7,0,0,0,0,0,0,4,0,0,0,0,0,0
352,Kyriakos Savvidis,gr GRE,MF,Wis?a P?ock,30,1995,8,8,575,6.4,1,0,1,1,0,0,1,0,0.16,0,0.16,0.16,0.16
353,Taofeek Ismaheel,ng NGA,MF,Górnik Zabrze,25,2000,7,7,559,6.2,0,1,1,0,0,0,1,0,0,0.16,0.16,0,0.16
354,Jean-Pierre Nsame,cm CMR,FW,Legia Warsaw,32,1993,10,7,562,6.2,5,0,5,4,1,1,0,0,0.8,0,0.8,0.64,0.64
355,Ond?ej Zmrzlý,cz CZE,"FW,DF",Górnik Zabrze,26,1999,10,5,559,6.2,0,1,1,0,0,0,0,0,0,0.16,0.16,0,0.16
356,Karol Angielski,pl POL,FW,Pogo? Szczecin,29,1996,11,7,549,6.1,1,0,1,1,0,0,0,0,0.16,0,0.16,0.16,0.16
357,Adrián Dalmau,es ESP,FW,Piast Gliwice,31,1994,16,5,550,6.1,2,0,2,2,0,0,1,1,0.33,0,0.33,0.33,0.33
358,Mateusz Dziewiatowski,pl POL,"MF,FW",Zag??bie Lubin,18,2007,15,8,550,6.1,1,0,1,1,0,0,3,0,0.16,0,0.16,0.16,0.16
359,Karol Knap,pl POL,"MF,DF",Cracovia,23,2001,16,5,548,6.1,0,1,1,0,0,0,3,1,0,0.16,0.16,0,0.16
360,Natan Lawa,pl POL,"MF,FW",Pogo? Szczecin,16,2009,10,6,552,6.1,0,0,0,0,0,0,1,0,0,0,0,0,0
361,Kamil Lukoszek,pl POL,"MF,FW",Górnik Zabrze,23,2002,18,4,548,6.1,1,1,2,1,0,0,0,0,0.16,0.16,0.33,0.16,0.33
362,Dominik Holec,sk SVK,GK,Piast Gliwice,31,1994,6,6,540,6,0,0,0,0,0,0,0,0,0,0,0,0,0
363,Hussein Ali,iq IRQ,DF,Pogo? Szczecin,23,2002,16,6,520,5.8,2,0,2,2,0,0,7,1,0.35,0,0.35,0.35,0.35
364,Ivan Durdov,hr CRO,FW,Nieciecza,25,2000,16,6,523,5.8,3,1,4,3,0,0,0,0,0.52,0.17,0.69,0.52,0.69
365,Jime,es ESP,"MF,FW",Wis?a P?ock,26,1999,9,6,524,5.8,1,2,3,1,0,0,1,0,0.17,0.34,0.52,0.17,0.52
366,Tomasz Makowski,pl POL,MF,Zag??bie Lubin,26,1999,13,4,512,5.7,0,1,1,0,0,0,0,0,0,0.18,0.18,0,0.18
367,Leonardo Rocha,pt POR,FW,Raków,28,1997,18,5,509,5.7,2,0,2,2,0,0,1,0,0.35,0,0.35,0.35,0.35
368,Gísli Þórðarson,is ISL,MF,Lech Pozna?,20,2004,13,5,513,5.7,2,2,4,2,0,0,1,0,0.35,0.35,0.7,0.35,0.7
369,Alex Douglas,se SWE,DF,Lech Pozna?,23,2001,7,6,500,5.6,0,0,0,0,0,0,0,0,0,0,0,0,0
370,Artur J?drzejczyk,pl POL,DF,Legia Warsaw,37,1987,12,5,504,5.6,1,1,2,1,0,0,1,0,0.18,0.18,0.36,0.18,0.36
371,Davíð Ólafsson,is ISL,"MF,DF",Cracovia,30,1995,7,6,506,5.6,0,0,0,0,0,0,3,0,0,0,0,0,0
372,Luis Perea,es ESP,MF,Arka Gdynia,27,1997,19,5,500,5.6,1,1,2,1,0,0,3,0,0.18,0.18,0.36,0.18,0.36
373,Elias Olsson,se SWE,DF,Lechia Gda?sk,22,2003,8,5,493,5.5,0,0,0,0,0,0,2,0,0,0,0,0,0
374,Osman Bukari,gh GHA,MF,Widzew ?ód?,26,1998,8,5,484,5.4,0,0,0,0,0,0,0,0,0,0,0,0,0
375,Viktor Popov,bg BUL,"MF,DF",Korona Kielce,25,2000,8,6,485,5.4,0,0,0,0,0,0,0,0,0,0,0,0,0
376,João Oliveira,ch SUI,"FW,MF",Arka Gdynia,29,1996,14,6,476,5.3,0,0,0,0,0,0,0,0,0,0,0,0,0
377,Bart?omiej Paw?owski,pl POL,"MF,FW",Widzew ?ód?,32,1992,19,5,480,5.3,1,1,2,0,1,1,1,0,0.19,0.19,0.37,0,0.19
378,Renat Dada?ov,az AZE,FW,Motor Lublin,26,1999,21,2,468,5.2,0,0,0,0,0,0,4,0,0,0,0,0,0
379,Maxime Dominguez,ch SUI,MF,Cracovia,29,1996,13,5,469,5.2,0,0,0,0,0,0,0,0,0,0,0,0,0
380,Roberto Massimo,de GER,"MF,FW",Górnik Zabrze,24,2000,12,5,470,5.2,0,0,0,0,0,0,0,0,0,0,0,0,0
381,Marco Burch,ch SUI,"MF,DF",Legia Warsaw,24,2000,5,5,450,5,0,0,0,0,0,0,0,0,0,0,0,0,0
382,Pawe? Dawidowicz,pl POL,DF,Raków,30,1995,10,4,449,5,0,0,0,0,0,0,0,0,0,0,0,0,0
383,Josh Wilson-Esbrand,eng ENG,DF,Radomiak,22,2002,8,6,447,5,0,1,1,0,0,0,0,0,0,0.2,0.2,0,0.2
384,Peter Therkildsen,dk DEN,DF,Widzew ?ód?,27,1998,8,5,430,4.8,1,2,3,1,0,0,0,0,0.21,0.42,0.63,0.21,0.63
385,Jesús Díaz,co COL,MF,Zag??bie Lubin,26,1999,11,4,420,4.7,1,2,3,1,0,0,0,0,0.21,0.43,0.64,0.21,0.64
386,Wojciech Kami?ski,pl POL,"MF,DF",Korona Kielce,24,2001,10,4,419,4.7,0,0,0,0,0,0,0,0,0,0,0,0,0
387,Louka Prip,dk DEN,"MF,FW",Jagiellonia,28,1997,8,7,425,4.7,0,1,1,0,0,0,0,0,0,0.21,0.21,0,0.21
388,Dimitris Rallis,gr GRE,FW,Jagiellonia,20,2005,15,5,410,4.6,3,0,3,3,0,0,0,0,0.66,0,0.66,0.66,0.66
389,Samed Baždar,ba BIH,"FW,MF",Jagiellonia,21,2004,15,3,406,4.5,3,0,3,3,0,0,0,0,0.67,0,0.67,0.67,0.67
390,Claude Gonçalves,pt POR,MF,Legia Warsaw,31,1994,7,5,405,4.5,0,1,1,0,0,0,1,0,0,0.22,0.22,0,0.22
391,Nikodem Niski,pl POL,FW,Korona Kielce,23,2002,19,2,408,4.5,0,2,2,0,0,0,2,0,0,0.44,0.44,0,0.44
392,Jakub Budnicki,pl POL,DF,Korona Kielce,24,2001,6,5,380,4.2,0,0,0,0,0,0,4,1,0,0,0,0,0
393,Kornel Lisman,pl POL,MF,Lech Pozna?,19,2006,13,4,374,4.2,0,1,1,0,0,0,0,0,0,0.24,0.24,0,0.24
394,Benjamin Mendy,fr FRA,DF,Pogo? Szczecin,31,1994,11,4,375,4.2,0,0,0,0,0,0,4,0,0,0,0,0,0
395,Imad Rondi?,ba BIH,FW,Raków,26,1999,12,4,377,4.2,0,0,0,0,0,0,4,0,0,0,0,0,0
396,Micha? Rzuchowski,pl POL,MF,Arka Gdynia,31,1993,9,3,378,4.2,0,0,0,0,0,0,1,0,0,0,0,0,0
397,Mateusz Wdowiak,pl POL,MF,Zag??bie Lubin,28,1996,11,3,378,4.2,0,0,0,0,0,0,1,0,0,0,0,0,0
398,Sebastian Kowalczyk,pl POL,MF,Zag??bie Lubin,26,1998,9,5,372,4.1,0,0,0,0,0,0,1,0,0,0,0,0,0
399,Bart?omiej K?udka,pl POL,DF,Zag??bie Lubin,23,2002,5,4,372,4.1,1,0,1,1,0,0,0,0,0.24,0,0.24,0.24,0.24
400,Kacper Smoli?ski,pl POL,MF,Pogo? Szczecin,24,2001,12,4,371,4.1,0,0,0,0,0,0,0,0,0,0,0,0,0
401,Mi?osz Piekutowski,pl POL,GK,Jagiellonia,19,2006,4,4,360,4,0,0,0,0,0,0,0,0,0,0,0,0,0
402,Henrich Ravas,sk SVK,GK,Cracovia,27,1997,4,4,360,4,0,0,0,0,0,0,0,0,0,0,0,0,0
403,Karol Szyma?ski,pl POL,GK,Piast Gliwice,32,1993,4,4,360,4,0,0,0,0,0,0,1,0,0,0,0,0,0
404,Saïd Hamulic,ba BIH,FW,Wis?a P?ock,24,2000,7,5,354,3.9,0,0,0,0,0,0,0,0,0,0,0,0,0
405,Wojciech Jakubik,pl POL,"MF,FW",Nieciecza,20,2005,23,2,341,3.8,0,1,1,0,0,0,2,0,0,0.26,0.26,0,0.26
406,Marius Olsen,no NOR,DF,Katowice,24,2001,4,4,345,3.8,0,0,0,0,0,0,1,0,0,0,0,0,0
407,Tolis Konstantopoulos,gr GRE,DF,Jagiellonia,22,2002,7,3,330,3.7,0,0,0,0,0,0,3,0,0,0,0,0,0
408,Efthimis Koulouris,gr GRE,FW,Pogo? Szczecin,29,1996,4,4,333,3.7,3,0,3,3,0,1,0,0,0.81,0,0.81,0.81,0.81
409,Bojan Nasti?,ba BIH,"MF,DF",Wis?a P?ock,31,1994,9,4,337,3.7,0,0,0,0,0,0,1,0,0,0,0,0,0
410,Maciej Roso?ek,pl POL,FW,Katowice,23,2001,8,4,333,3.7,0,0,0,0,0,0,1,0,0,0,0,0,0
411,Pawe? Bochniewicz,pl POL,DF,Górnik Zabrze,29,1996,8,3,320,3.6,1,0,1,1,0,0,0,0,0.28,0,0.28,0.28,0.28
412,Krystian Palacz,pl POL,DF,Motor Lublin,22,2003,6,4,313,3.5,0,1,1,0,0,0,1,0,0,0.29,0.29,0,0.29
413,Goh Youngjun,kr KOR,MF,Górnik Zabrze,24,2001,9,3,311,3.5,0,2,2,0,0,0,0,0,0,0.58,0.58,0,0.58
414,Bruno Jordão,pt POR,MF,Radomiak,26,1998,4,4,302,3.4,0,2,2,0,0,0,2,0,0,0.6,0.6,0,0.6
415,Marcel Predenkiewicz,pl POL,FW,Arka Gdynia,21,2004,12,1,304,3.4,0,0,0,0,0,0,0,0,0,0,0,0,0
416,Krzysztof Kami?ski,pl POL,GK,Pogo? Szczecin,34,1990,4,3,285,3.2,0,0,0,0,0,0,0,1,0,0,0,0,0
417,Mi?osz Ka?ahur,pl POL,DF,Lechia Gda?sk,26,1999,6,3,285,3.2,0,0,0,0,0,0,2,1,0,0,0,0,0
418,Grzegorz Rogala,pl POL,DF,Katowice,29,1995,6,2,287,3.2,0,0,0,0,0,0,0,0,0,0,0,0,0
419,Salifou Soumah,gn GUI,FW,Radomiak,21,2003,12,0,291,3.2,1,0,1,1,0,0,0,0,0.31,0,0.31,0.31,0.31
420,Brandon Domingues,fr FRA,"MF,FW",Górnik Zabrze,25,2000,5,4,282,3.1,0,0,0,0,0,0,0,0,0,0,0,0,0
421,Percan,es ESP,FW,Arka Gdynia,23,2001,9,3,283,3.1,0,1,1,0,0,0,2,0,0,0.32,0.32,0,0.32
422,Lukas Podolski,de GER,MF,Górnik Zabrze,40,1985,16,1,281,3.1,0,0,0,0,0,0,3,1,0,0,0,0,0
423,Migouel Alfarela,fr FRA,FW,Legia Warsaw,27,1997,4,4,273,3,1,1,2,1,0,0,0,0,0.33,0.33,0.66,0.33,0.66
424,Mateusz Cichocki,pl POL,DF,Radomiak,33,1992,5,2,273,3,0,0,0,0,0,0,1,0,0,0,0,0,0
425,Antonio ?olak,hr CRO,FW,Legia Warsaw,31,1993,13,3,274,3,3,0,3,3,0,0,1,0,0.99,0,0.99,0.99,0.99
426,Bryan Fiabema,no NOR,"MF,FW",Lech Pozna?,22,2003,10,2,272,3,2,0,2,2,0,0,1,0,0.66,0,0.66,0.66,0.66
427,Theodoros Tsirigotis,gr GRE,FW,Górnik Zabrze,25,2000,6,3,271,3,0,1,1,0,0,0,0,0,0,0.33,0.33,0,0.33
428,Jakub ?ew?akow,pl POL,FW,Legia Warsaw,18,2006,10,2,270,3,0,0,0,0,0,0,1,0,0,0,0,0,0
429,Henrique Arreiol,pt POR,MF,Legia Warsaw,20,2005,4,3,258,2.9,0,0,0,0,0,0,0,0,0,0,0,0,0
430,Noah Weißhaupt,de GER,"FW,MF",Legia Warsaw,23,2001,7,3,264,2.9,0,0,0,0,0,0,0,0,0,0,0,0,0
431,Konrad Ciszek,pl POL,"MF,DF",Korona Kielce,17,2007,5,2,250,2.8,0,0,0,0,0,0,1,0,0,0,0,0,0
432,Krystian Pomorski,pl POL,MF,Wis?a P?ock,29,1995,18,2,256,2.8,0,0,0,0,0,0,0,0,0,0,0,0,0
433,Ibrahima Seck,sn SEN,MF,Raków,21,2004,6,2,252,2.8,0,1,1,0,0,0,1,0,0,0.36,0.36,0,0.36
434,Daniel Håkans,fi FIN,MF,Lech Pozna?,24,2000,9,0,240,2.7,1,0,1,1,0,0,0,0,0.37,0,0.37,0.37,0.37
435,Hide Vitalucci,jp JPN,"MF,FW",Arka Gdynia,23,2002,6,2,239,2.7,0,0,0,0,0,0,0,0,0,0,0,0,0
436,Andreas Katsantonis,cy CYP,FW,Piast Gliwice,25,2000,13,1,235,2.6,1,0,1,1,0,0,1,0,0.38,0,0.38,0.38,0.38
437,Kacper Karasek,pl POL,MF,Motor Lublin,23,2002,14,1,224,2.5,1,0,1,1,0,0,1,1,0.4,0,0.4,0.4,0.4
438,Thomas Santos,dk DEN,DF,Motor Lublin,26,1998,7,1,222,2.5,0,0,0,0,0,0,0,0,0,0,0,0,0
439,Dominik Sarapata,pl POL,MF,Wis?a P?ock,17,2007,7,2,229,2.5,0,0,0,0,0,0,1,0,0,0,0,0,0
440,Anton Tsarenko,ua UKR,MF,Lechia Gda?sk,21,2004,7,1,222,2.5,0,1,1,0,0,0,0,0,0,0.41,0.41,0,0.41
441,Isak Brusberg,se SWE,FW,Raków,18,2006,7,4,216,2.4,0,0,0,0,0,0,1,0,0,0,0,0,0
442,Paskal Meyer,de GER,DF,Motor Lublin,20,2005,5,2,220,2.4,0,0,0,0,0,0,1,0,0,0,0,0,0
443,Ryoya Morishita,jp JPN,MF,Legia Warsaw,28,1997,4,3,212,2.4,1,0,1,1,0,0,1,0,0.42,0,0.42,0.42,0.42
444,Kacper Kostorz,pl POL,FW,Pogo? Szczecin,25,1999,10,2,205,2.3,0,0,0,0,0,0,1,0,0,0,0,0,0
445,Luka Zahovi?,si SVN,MF,Górnik Zabrze,29,1995,6,1,205,2.3,1,0,1,1,0,0,0,0,0.44,0,0.44,0.44,0.44
446,Mohamed Awad Alla,ae UAE,FW,Lechia Gda?sk,23,2002,8,0,202,2.2,1,0,1,1,0,0,2,0,0.45,0,0.45,0.45,0.45
447,Bastien Donio,fr FRA,MF,Górnik Zabrze,19,2005,9,2,197,2.2,0,0,0,0,0,0,1,0,0,0,0,0,0
448,Florent Batoum,cm CMR,FW,Cracovia,23,2002,6,2,188,2.1,0,0,0,0,0,0,0,0,0,0,0,0,0
449,Marcin Cebula,pl POL,MF,Korona Kielce,29,1995,8,1,190,2.1,0,0,0,0,0,0,1,0,0,0,0,0,0
450,Mateusz Tabisz,pl POL,MF,Cracovia,17,2007,8,1,185,2.1,0,0,0,0,0,0,0,0,0,0,0,0,0
451,Milan Aleksi?,rs SRB,FW,Cracovia,19,2005,6,1,184,2,0,0,0,0,0,0,0,0,0,0,0,0,0
452,Dominik Biniek,pl POL,MF,Nieciecza,20,2004,10,1,184,2,0,0,0,0,0,0,2,0,0,0,0,0,0
453,Depú,ao ANG,FW,Radomiak,25,2000,9,1,180,2,1,0,1,1,0,0,0,0,0.5,0,0.5,0.5,0.5
454,Rafa? Gikiewicz,pl POL,GK,Widzew ?ód?,37,1987,2,2,180,2,0,0,0,0,0,0,0,0,0,0,0,0,0
455,Eryk Kozlowski,pl POL,MF,Jagiellonia,18,2006,5,2,182,2,0,0,0,0,0,0,1,0,0,0,0,0,0
456,Jan Leszczy?ski,pl POL,DF,Legia Warsaw,18,2007,4,3,182,2,0,0,0,0,0,0,1,0,0,0,0,0,0
457,Borislav Rupanov,bg BUL,FW,Górnik Zabrze,20,2004,6,1,174,1.9,0,0,0,0,0,0,0,0,0,0,0,0,0
458,Jesús Díaz,co COL,MF,Raków,26,1999,3,2,164,1.8,0,0,0,0,0,0,0,0,0,0,0,0,0
459,Tomasz Mokwa,pl POL,DF,Piast Gliwice,32,1993,4,1,162,1.8,0,0,0,0,0,0,0,0,0,0,0,0,0
460,Gabriel Charpentier,cg CGO,FW,Cracovia,26,1999,7,1,156,1.7,2,1,3,2,0,0,0,0,1.15,0.58,1.73,1.15,1.73
461,Konrad Gruszkowski,pl POL,MF,Katowice,24,2001,8,1,156,1.7,0,0,0,0,0,0,1,0,0,0,0,0,0
462,Maksymilian Pingot,pl POL,DF,Górnik Zabrze,22,2003,8,1,154,1.7,0,0,0,0,0,0,1,0,0,0,0,0,0
463,Sr?an Plavši?,rs SRB,MF,Raków,29,1995,2,2,155,1.7,0,0,0,0,0,0,0,0,0,0,0,0,0
464,Szymon Sobczak,pl POL,FW,Arka Gdynia,32,1992,8,1,149,1.7,0,0,0,0,0,0,0,0,0,0,0,0,0
465,Filip Szymczak,pl POL,MF,Lech Pozna?,23,2002,4,2,157,1.7,1,0,1,1,0,0,1,0,0.57,0,0.57,0.57,0.57
466,Aleksandre Kalandadze,ge GEO,DF,Wis?a P?ock,24,2001,8,1,143,1.6,0,0,0,0,0,0,1,0,0,0,0,0,0
467,Eric Ouma,ke KEN,MF,Raków,28,1996,4,1,141,1.6,0,0,0,0,0,0,0,0,0,0,0,0,0
468,Micha? G?ogowski,pl POL,FW,Lechia Gda?sk,19,2005,10,0,137,1.5,0,0,0,0,0,0,0,0,0,0,0,0,0
469,Aziel Jackson,us USA,MF,Jagiellonia,23,2001,6,1,133,1.5,0,0,0,0,0,0,0,0,0,0,0,0,0
470,Jan Zió?kowski,pl POL,DF,Legia Warsaw,20,2005,2,1,135,1.5,0,0,0,0,0,0,1,0,0,0,0,0,0
471,Tomasz Loska,pl POL,GK,Górnik Zabrze,29,1996,2,1,124,1.4,0,0,0,0,0,0,0,0,0,0,0,0,0
472,Beno Selan,si SVN,MF,Cracovia,20,2005,6,1,127,1.4,0,0,0,0,0,0,0,0,0,0,0,0,0
473,Tonio Tekli?,hr CRO,MF,Widzew ?ód?,25,1999,8,0,127,1.4,0,0,0,0,0,0,0,0,0,0,0,0,0
474,Aleksander Buksa,pl POL,FW,Katowice,22,2003,4,0,113,1.3,0,0,0,0,0,0,0,0,0,0,0,0,0
475,Elton Fikaj,al ALB,DF,Piast Gliwice,19,2005,3,1,121,1.3,0,0,0,0,0,0,0,0,0,0,0,0,0
476,Marin Karamarko,hr CRO,DF,Wis?a P?ock,27,1998,3,1,113,1.3,0,0,0,0,0,0,0,0,0,0,0,0,0
477,Micha? Rakoczy,pl POL,MF,Górnik Zabrze,23,2002,5,1,113,1.3,1,1,2,1,0,0,0,0,0.8,0.8,1.59,0.8,1.59
478,Jacek Czapli?ski,pl POL,MF,Pogo? Szczecin,18,2006,5,1,105,1.2,0,1,1,0,0,0,0,0,0,0.86,0.86,0,0.86
479,Fabian Hiszpa?ski,pl POL,MF,Wis?a P?ock,31,1993,7,1,107,1.2,0,0,0,0,0,0,2,0,0,0,0,0,0
480,Samuel Ková?ik,sk SVK,FW,Legia Warsaw,18,2007,4,0,106,1.2,0,0,0,0,0,0,0,0,0,0,0,0,0
481,Youssuf Sylla,be BEL,FW,Jagiellonia,22,2002,6,1,107,1.2,1,0,1,1,0,0,1,0,0.84,0,0.84,0.84,0.84
482,Natan Dziegielewski,pl POL,MF,Górnik Zabrze,20,2004,8,0,95,1.1,0,0,0,0,0,0,1,0,0,0,0,0,0
483,Marek Hanousek,cz CZE,MF,Widzew ?ód?,33,1991,9,1,100,1.1,0,0,0,0,0,0,2,0,0,0,0,0,0
484,Florian Haxha,xk KVX,MF,Motor Lublin,23,2002,7,0,102,1.1,0,0,0,0,0,0,0,0,0,0,0,0,0
485,Mitja Ileni?,si SVN,MF,Raków,20,2004,5,1,102,1.1,0,0,0,0,0,0,0,0,0,0,0,0,0
486,Bogdan Mir?eti?,rs SRB,FW,Raków,19,2005,4,1,99,1.1,0,0,0,0,0,0,0,0,0,0,0,0,0
487,Patryk Paryzek,pl POL,FW,Pogo? Szczecin,19,2006,4,1,99,1.1,0,0,0,0,0,0,0,0,0,0,0,0,0
488,Plamen Andreev,bg BUL,GK,Lech Pozna?,20,2004,1,1,90,1,0,0,0,0,0,0,0,0,0,0,0,0,0
489,Jakub Burek,pl POL,GK,Wis?a P?ock,22,2003,1,1,90,1,0,0,0,0,0,0,0,0,0,0,0,0,0
490,Álex Cantero,es ESP,"FW,MF",Jagiellonia,25,2000,7,0,92,1,0,0,0,0,0,0,1,0,0,0,0,0,0
491,Jakub Ligocki,pl POL,MF,Zag??bie Lubin,17,2008,3,1,92,1,0,0,0,0,0,0,0,0,0,0,0,0,0
492,Aleksander Paluszek,pl POL,DF,Katowice,24,2001,1,1,90,1,0,0,0,0,0,0,0,0,0,0,0,0,0
493,Bohdan Sarnavskyi,ua UKR,GK,Lechia Gda?sk,30,1995,1,1,90,1,0,0,0,0,0,0,0,0,0,0,0,0,0
494,Vladyslav Kocherhin,ua UKR,MF,Raków,29,1996,3,0,85,0.9,0,0,0,0,0,0,0,0,0,0,0,0,0
495,Ilya Shkurin,by BLR,FW,Legia Warsaw,25,1999,3,1,82,0.9,0,0,0,0,0,0,0,0,0,0,0,0,0
496,Milosz Strzebonski,pl POL,MF,Korona Kielce,21,2003,7,0,81,0.9,0,0,0,0,0,0,1,0,0,0,0,0,0
497,Pape Ba,sn SEN,FW,Widzew ?ód?,28,1997,4,1,72,0.8,0,0,0,0,0,0,0,0,0,0,0,0,0
498,Jakub Lis,pl POL,DF,Pogo? Szczecin,23,2002,3,0,74,0.8,0,0,0,0,0,0,0,0,0,0,0,0,0
499,Jakub Kokosi?ski,pl POL,FW,Katowice,18,2007,6,0,60,0.7,0,0,0,0,0,0,0,0,0,0,0,0,0
